"","V1","V2","V3","V4","V5","Output"
"1",800,0,0.3048,71.3,0.00266337,126.201
"2",1000,0,0.3048,71.3,0.00266337,125.201
"3",1250,0,0.3048,71.3,0.00266337,125.951
"4",1600,0,0.3048,71.3,0.00266337,127.591
"5",2000,0,0.3048,71.3,0.00266337,127.461
"6",2500,0,0.3048,71.3,0.00266337,125.571
"7",3150,0,0.3048,71.3,0.00266337,125.201
"8",4000,0,0.3048,71.3,0.00266337,123.061
"9",5000,0,0.3048,71.3,0.00266337,121.301
"10",6300,0,0.3048,71.3,0.00266337,119.541
"11",8000,0,0.3048,71.3,0.00266337,117.151
"12",10000,0,0.3048,71.3,0.00266337,115.391
"13",12500,0,0.3048,71.3,0.00266337,112.241
"14",16000,0,0.3048,71.3,0.00266337,108.721
"15",500,0,0.3048,55.5,0.00283081,126.416
"16",630,0,0.3048,55.5,0.00283081,127.696
"17",800,0,0.3048,55.5,0.00283081,128.086
"18",1000,0,0.3048,55.5,0.00283081,126.966
"19",1250,0,0.3048,55.5,0.00283081,126.086
"20",1600,0,0.3048,55.5,0.00283081,126.986
"21",2000,0,0.3048,55.5,0.00283081,126.616
"22",2500,0,0.3048,55.5,0.00283081,124.106
"23",3150,0,0.3048,55.5,0.00283081,123.236
"24",4000,0,0.3048,55.5,0.00283081,121.106
"25",5000,0,0.3048,55.5,0.00283081,119.606
"26",6300,0,0.3048,55.5,0.00283081,117.976
"27",8000,0,0.3048,55.5,0.00283081,116.476
"28",10000,0,0.3048,55.5,0.00283081,113.076
"29",12500,0,0.3048,55.5,0.00283081,111.076
"30",200,0,0.3048,39.6,0.00310138,118.129
"31",250,0,0.3048,39.6,0.00310138,119.319
"32",315,0,0.3048,39.6,0.00310138,122.779
"33",400,0,0.3048,39.6,0.00310138,124.809
"34",500,0,0.3048,39.6,0.00310138,126.959
"35",630,0,0.3048,39.6,0.00310138,128.629
"36",800,0,0.3048,39.6,0.00310138,129.099
"37",1000,0,0.3048,39.6,0.00310138,127.899
"38",1250,0,0.3048,39.6,0.00310138,125.499
"39",1600,0,0.3048,39.6,0.00310138,124.049
"40",2000,0,0.3048,39.6,0.00310138,123.689
"41",2500,0,0.3048,39.6,0.00310138,121.399
"42",3150,0,0.3048,39.6,0.00310138,120.319
"43",4000,0,0.3048,39.6,0.00310138,119.229
"44",5000,0,0.3048,39.6,0.00310138,117.789
"45",6300,0,0.3048,39.6,0.00310138,116.229
"46",8000,0,0.3048,39.6,0.00310138,114.779
"47",10000,0,0.3048,39.6,0.00310138,112.139
"48",12500,0,0.3048,39.6,0.00310138,109.619
"49",200,0,0.3048,31.7,0.00331266,117.195
"50",250,0,0.3048,31.7,0.00331266,118.595
"51",315,0,0.3048,31.7,0.00331266,122.765
"52",400,0,0.3048,31.7,0.00331266,125.045
"53",500,0,0.3048,31.7,0.00331266,127.315
"54",630,0,0.3048,31.7,0.00331266,129.095
"55",800,0,0.3048,31.7,0.00331266,129.235
"56",1000,0,0.3048,31.7,0.00331266,127.365
"57",1250,0,0.3048,31.7,0.00331266,124.355
"58",1600,0,0.3048,31.7,0.00331266,122.365
"59",2000,0,0.3048,31.7,0.00331266,122.375
"60",2500,0,0.3048,31.7,0.00331266,120.755
"61",3150,0,0.3048,31.7,0.00331266,119.135
"62",4000,0,0.3048,31.7,0.00331266,118.145
"63",5000,0,0.3048,31.7,0.00331266,115.645
"64",6300,0,0.3048,31.7,0.00331266,113.775
"65",8000,0,0.3048,31.7,0.00331266,110.515
"66",10000,0,0.3048,31.7,0.00331266,108.265
"67",800,1.5,0.3048,71.3,0.00336729,127.122
"68",1000,1.5,0.3048,71.3,0.00336729,125.992
"69",1250,1.5,0.3048,71.3,0.00336729,125.872
"70",1600,1.5,0.3048,71.3,0.00336729,126.632
"71",2000,1.5,0.3048,71.3,0.00336729,126.642
"72",2500,1.5,0.3048,71.3,0.00336729,124.512
"73",3150,1.5,0.3048,71.3,0.00336729,123.392
"74",4000,1.5,0.3048,71.3,0.00336729,121.762
"75",5000,1.5,0.3048,71.3,0.00336729,119.632
"76",6300,1.5,0.3048,71.3,0.00336729,118.122
"77",8000,1.5,0.3048,71.3,0.00336729,115.372
"78",10000,1.5,0.3048,71.3,0.00336729,113.492
"79",12500,1.5,0.3048,71.3,0.00336729,109.222
"80",16000,1.5,0.3048,71.3,0.00336729,106.582
"81",315,1.5,0.3048,39.6,0.00392107,121.851
"82",400,1.5,0.3048,39.6,0.00392107,124.001
"83",500,1.5,0.3048,39.6,0.00392107,126.661
"84",630,1.5,0.3048,39.6,0.00392107,128.311
"85",800,1.5,0.3048,39.6,0.00392107,128.831
"86",1000,1.5,0.3048,39.6,0.00392107,127.581
"87",1250,1.5,0.3048,39.6,0.00392107,125.211
"88",1600,1.5,0.3048,39.6,0.00392107,122.211
"89",2000,1.5,0.3048,39.6,0.00392107,122.101
"90",2500,1.5,0.3048,39.6,0.00392107,120.981
"91",3150,1.5,0.3048,39.6,0.00392107,119.111
"92",4000,1.5,0.3048,39.6,0.00392107,117.741
"93",5000,1.5,0.3048,39.6,0.00392107,116.241
"94",6300,1.5,0.3048,39.6,0.00392107,114.751
"95",8000,1.5,0.3048,39.6,0.00392107,112.251
"96",10000,1.5,0.3048,39.6,0.00392107,108.991
"97",12500,1.5,0.3048,39.6,0.00392107,106.111
"98",400,3,0.3048,71.3,0.00425727,127.564
"99",500,3,0.3048,71.3,0.00425727,128.454
"100",630,3,0.3048,71.3,0.00425727,129.354
"101",800,3,0.3048,71.3,0.00425727,129.494
"102",1000,3,0.3048,71.3,0.00425727,129.004
"103",1250,3,0.3048,71.3,0.00425727,127.634
"104",1600,3,0.3048,71.3,0.00425727,126.514
"105",2000,3,0.3048,71.3,0.00425727,125.524
"106",2500,3,0.3048,71.3,0.00425727,124.024
"107",3150,3,0.3048,71.3,0.00425727,121.514
"108",4000,3,0.3048,71.3,0.00425727,120.264
"109",5000,3,0.3048,71.3,0.00425727,118.134
"110",6300,3,0.3048,71.3,0.00425727,116.134
"111",8000,3,0.3048,71.3,0.00425727,114.634
"112",10000,3,0.3048,71.3,0.00425727,110.224
"113",400,3,0.3048,55.5,0.00452492,126.159
"114",500,3,0.3048,55.5,0.00452492,128.179
"115",630,3,0.3048,55.5,0.00452492,129.569
"116",800,3,0.3048,55.5,0.00452492,129.949
"117",1000,3,0.3048,55.5,0.00452492,129.329
"118",1250,3,0.3048,55.5,0.00452492,127.329
"119",1600,3,0.3048,55.5,0.00452492,124.439
"120",2000,3,0.3048,55.5,0.00452492,123.069
"121",2500,3,0.3048,55.5,0.00452492,122.439
"122",3150,3,0.3048,55.5,0.00452492,120.189
"123",4000,3,0.3048,55.5,0.00452492,118.689
"124",5000,3,0.3048,55.5,0.00452492,117.309
"125",6300,3,0.3048,55.5,0.00452492,115.679
"126",8000,3,0.3048,55.5,0.00452492,113.799
"127",10000,3,0.3048,55.5,0.00452492,112.169
"128",315,3,0.3048,39.6,0.00495741,123.312
"129",400,3,0.3048,39.6,0.00495741,125.472
"130",500,3,0.3048,39.6,0.00495741,127.632
"131",630,3,0.3048,39.6,0.00495741,129.292
"132",800,3,0.3048,39.6,0.00495741,129.552
"133",1000,3,0.3048,39.6,0.00495741,128.312
"134",1250,3,0.3048,39.6,0.00495741,125.802
"135",1600,3,0.3048,39.6,0.00495741,122.782
"136",2000,3,0.3048,39.6,0.00495741,120.532
"137",2500,3,0.3048,39.6,0.00495741,120.162
"138",3150,3,0.3048,39.6,0.00495741,118.922
"139",4000,3,0.3048,39.6,0.00495741,116.792
"140",5000,3,0.3048,39.6,0.00495741,115.792
"141",6300,3,0.3048,39.6,0.00495741,114.042
"142",8000,3,0.3048,39.6,0.00495741,110.652
"143",315,3,0.3048,31.7,0.00529514,123.118
"144",400,3,0.3048,31.7,0.00529514,125.398
"145",500,3,0.3048,31.7,0.00529514,127.548
"146",630,3,0.3048,31.7,0.00529514,128.698
"147",800,3,0.3048,31.7,0.00529514,128.708
"148",1000,3,0.3048,31.7,0.00529514,126.838
"149",1250,3,0.3048,31.7,0.00529514,124.838
"150",1600,3,0.3048,31.7,0.00529514,122.088
"151",2000,3,0.3048,31.7,0.00529514,120.088
"152",2500,3,0.3048,31.7,0.00529514,119.598
"153",3150,3,0.3048,31.7,0.00529514,118.108
"154",4000,3,0.3048,31.7,0.00529514,115.608
"155",5000,3,0.3048,31.7,0.00529514,113.858
"156",6300,3,0.3048,31.7,0.00529514,109.718
"157",250,4,0.3048,71.3,0.00497773,126.395
"158",315,4,0.3048,71.3,0.00497773,128.175
"159",400,4,0.3048,71.3,0.00497773,129.575
"160",500,4,0.3048,71.3,0.00497773,130.715
"161",630,4,0.3048,71.3,0.00497773,131.615
"162",800,4,0.3048,71.3,0.00497773,131.755
"163",1000,4,0.3048,71.3,0.00497773,131.015
"164",1250,4,0.3048,71.3,0.00497773,129.395
"165",1600,4,0.3048,71.3,0.00497773,126.645
"166",2000,4,0.3048,71.3,0.00497773,124.395
"167",2500,4,0.3048,71.3,0.00497773,123.775
"168",3150,4,0.3048,71.3,0.00497773,121.775
"169",4000,4,0.3048,71.3,0.00497773,119.535
"170",5000,4,0.3048,71.3,0.00497773,117.785
"171",6300,4,0.3048,71.3,0.00497773,116.165
"172",8000,4,0.3048,71.3,0.00497773,113.665
"173",10000,4,0.3048,71.3,0.00497773,110.905
"174",12500,4,0.3048,71.3,0.00497773,107.405
"175",250,4,0.3048,39.6,0.00579636,123.543
"176",315,4,0.3048,39.6,0.00579636,126.843
"177",400,4,0.3048,39.6,0.00579636,128.633
"178",500,4,0.3048,39.6,0.00579636,130.173
"179",630,4,0.3048,39.6,0.00579636,131.073
"180",800,4,0.3048,39.6,0.00579636,130.723
"181",1000,4,0.3048,39.6,0.00579636,128.723
"182",1250,4,0.3048,39.6,0.00579636,126.343
"183",1600,4,0.3048,39.6,0.00579636,123.213
"184",2000,4,0.3048,39.6,0.00579636,120.963
"185",2500,4,0.3048,39.6,0.00579636,120.233
"186",3150,4,0.3048,39.6,0.00579636,118.743
"187",4000,4,0.3048,39.6,0.00579636,115.863
"188",5000,4,0.3048,39.6,0.00579636,113.733
"189",1250,0,0.2286,71.3,0.00214345,128.144
"190",1600,0,0.2286,71.3,0.00214345,129.134
"191",2000,0,0.2286,71.3,0.00214345,128.244
"192",2500,0,0.2286,71.3,0.00214345,128.354
"193",3150,0,0.2286,71.3,0.00214345,127.834
"194",4000,0,0.2286,71.3,0.00214345,125.824
"195",5000,0,0.2286,71.3,0.00214345,124.304
"196",6300,0,0.2286,71.3,0.00214345,122.044
"197",8000,0,0.2286,71.3,0.00214345,118.024
"198",10000,0,0.2286,71.3,0.00214345,118.134
"199",12500,0,0.2286,71.3,0.00214345,117.624
"200",16000,0,0.2286,71.3,0.00214345,114.984
"201",20000,0,0.2286,71.3,0.00214345,114.474
"202",315,0,0.2286,55.5,0.00229336,119.54
"203",400,0,0.2286,55.5,0.00229336,121.66
"204",500,0,0.2286,55.5,0.00229336,123.78
"205",630,0,0.2286,55.5,0.00229336,126.16
"206",800,0,0.2286,55.5,0.00229336,127.53
"207",1000,0,0.2286,55.5,0.00229336,128.29
"208",1250,0,0.2286,55.5,0.00229336,127.91
"209",1600,0,0.2286,55.5,0.00229336,126.79
"210",2000,0,0.2286,55.5,0.00229336,126.54
"211",2500,0,0.2286,55.5,0.00229336,126.54
"212",3150,0,0.2286,55.5,0.00229336,125.16
"213",4000,0,0.2286,55.5,0.00229336,123.41
"214",5000,0,0.2286,55.5,0.00229336,122.41
"215",6300,0,0.2286,55.5,0.00229336,118.41
"216",315,0,0.2286,39.6,0.00253511,121.055
"217",400,0,0.2286,39.6,0.00253511,123.565
"218",500,0,0.2286,39.6,0.00253511,126.195
"219",630,0,0.2286,39.6,0.00253511,128.705
"220",800,0,0.2286,39.6,0.00253511,130.205
"221",1000,0,0.2286,39.6,0.00253511,130.435
"222",1250,0,0.2286,39.6,0.00253511,129.395
"223",1600,0,0.2286,39.6,0.00253511,127.095
"224",2000,0,0.2286,39.6,0.00253511,125.305
"225",2500,0,0.2286,39.6,0.00253511,125.025
"226",3150,0,0.2286,39.6,0.00253511,124.625
"227",4000,0,0.2286,39.6,0.00253511,123.465
"228",5000,0,0.2286,39.6,0.00253511,122.175
"229",6300,0,0.2286,39.6,0.00253511,117.465
"230",315,0,0.2286,31.7,0.0027238,120.595
"231",400,0,0.2286,31.7,0.0027238,123.635
"232",500,0,0.2286,31.7,0.0027238,126.675
"233",630,0,0.2286,31.7,0.0027238,129.465
"234",800,0,0.2286,31.7,0.0027238,130.725
"235",1000,0,0.2286,31.7,0.0027238,130.595
"236",1250,0,0.2286,31.7,0.0027238,128.805
"237",1600,0,0.2286,31.7,0.0027238,125.625
"238",2000,0,0.2286,31.7,0.0027238,123.455
"239",2500,0,0.2286,31.7,0.0027238,123.445
"240",3150,0,0.2286,31.7,0.0027238,123.445
"241",4000,0,0.2286,31.7,0.0027238,122.035
"242",5000,0,0.2286,31.7,0.0027238,120.505
"243",6300,0,0.2286,31.7,0.0027238,116.815
"244",400,2,0.2286,71.3,0.00293031,125.116
"245",500,2,0.2286,71.3,0.00293031,126.486
"246",630,2,0.2286,71.3,0.00293031,127.356
"247",800,2,0.2286,71.3,0.00293031,128.216
"248",1000,2,0.2286,71.3,0.00293031,128.956
"249",1250,2,0.2286,71.3,0.00293031,128.816
"250",1600,2,0.2286,71.3,0.00293031,127.796
"251",2000,2,0.2286,71.3,0.00293031,126.896
"252",2500,2,0.2286,71.3,0.00293031,127.006
"253",3150,2,0.2286,71.3,0.00293031,126.116
"254",4000,2,0.2286,71.3,0.00293031,124.086
"255",5000,2,0.2286,71.3,0.00293031,122.816
"256",6300,2,0.2286,71.3,0.00293031,120.786
"257",8000,2,0.2286,71.3,0.00293031,115.996
"258",10000,2,0.2286,71.3,0.00293031,113.086
"259",400,2,0.2286,55.5,0.00313525,122.292
"260",500,2,0.2286,55.5,0.00313525,124.692
"261",630,2,0.2286,55.5,0.00313525,126.842
"262",800,2,0.2286,55.5,0.00313525,128.492
"263",1000,2,0.2286,55.5,0.00313525,129.002
"264",1250,2,0.2286,55.5,0.00313525,128.762
"265",1600,2,0.2286,55.5,0.00313525,126.752
"266",2000,2,0.2286,55.5,0.00313525,124.612
"267",2500,2,0.2286,55.5,0.00313525,123.862
"268",3150,2,0.2286,55.5,0.00313525,123.742
"269",4000,2,0.2286,55.5,0.00313525,122.232
"270",5000,2,0.2286,55.5,0.00313525,120.472
"271",6300,2,0.2286,55.5,0.00313525,118.712
"272",315,2,0.2286,39.6,0.00346574,120.137
"273",400,2,0.2286,39.6,0.00346574,122.147
"274",500,2,0.2286,39.6,0.00346574,125.157
"275",630,2,0.2286,39.6,0.00346574,127.417
"276",800,2,0.2286,39.6,0.00346574,129.037
"277",1000,2,0.2286,39.6,0.00346574,129.147
"278",1250,2,0.2286,39.6,0.00346574,128.257
"279",1600,2,0.2286,39.6,0.00346574,125.837
"280",2000,2,0.2286,39.6,0.00346574,122.797
"281",2500,2,0.2286,39.6,0.00346574,121.397
"282",3150,2,0.2286,39.6,0.00346574,121.627
"283",4000,2,0.2286,39.6,0.00346574,120.227
"284",5000,2,0.2286,39.6,0.00346574,118.827
"285",6300,2,0.2286,39.6,0.00346574,116.417
"286",315,2,0.2286,31.7,0.00372371,120.147
"287",400,2,0.2286,31.7,0.00372371,123.417
"288",500,2,0.2286,31.7,0.00372371,126.677
"289",630,2,0.2286,31.7,0.00372371,129.057
"290",800,2,0.2286,31.7,0.00372371,130.307
"291",1000,2,0.2286,31.7,0.00372371,130.307
"292",1250,2,0.2286,31.7,0.00372371,128.677
"293",1600,2,0.2286,31.7,0.00372371,125.797
"294",2000,2,0.2286,31.7,0.00372371,123.037
"295",2500,2,0.2286,31.7,0.00372371,121.407
"296",3150,2,0.2286,31.7,0.00372371,121.527
"297",4000,2,0.2286,31.7,0.00372371,120.527
"298",5000,2,0.2286,31.7,0.00372371,118.267
"299",6300,2,0.2286,31.7,0.00372371,115.137
"300",500,4,0.2286,71.3,0.00400603,126.758
"301",630,4,0.2286,71.3,0.00400603,129.038
"302",800,4,0.2286,71.3,0.00400603,130.688
"303",1000,4,0.2286,71.3,0.00400603,131.708
"304",1250,4,0.2286,71.3,0.00400603,131.718
"305",1600,4,0.2286,71.3,0.00400603,129.468
"306",2000,4,0.2286,71.3,0.00400603,126.218
"307",2500,4,0.2286,71.3,0.00400603,124.338
"308",3150,4,0.2286,71.3,0.00400603,124.108
"309",4000,4,0.2286,71.3,0.00400603,121.728
"310",5000,4,0.2286,71.3,0.00400603,121.118
"311",6300,4,0.2286,71.3,0.00400603,118.618
"312",8000,4,0.2286,71.3,0.00400603,112.848
"313",10000,4,0.2286,71.3,0.00400603,113.108
"314",12500,4,0.2286,71.3,0.00400603,114.258
"315",16000,4,0.2286,71.3,0.00400603,112.768
"316",20000,4,0.2286,71.3,0.00400603,109.638
"317",400,4,0.2286,55.5,0.0042862,123.274
"318",500,4,0.2286,55.5,0.0042862,127.314
"319",630,4,0.2286,55.5,0.0042862,129.964
"320",800,4,0.2286,55.5,0.0042862,131.864
"321",1000,4,0.2286,55.5,0.0042862,132.134
"322",1250,4,0.2286,55.5,0.0042862,131.264
"323",1600,4,0.2286,55.5,0.0042862,128.264
"324",2000,4,0.2286,55.5,0.0042862,124.254
"325",2500,4,0.2286,55.5,0.0042862,122.384
"326",3150,4,0.2286,55.5,0.0042862,122.394
"327",4000,4,0.2286,55.5,0.0042862,120.654
"328",5000,4,0.2286,55.5,0.0042862,120.034
"329",6300,4,0.2286,55.5,0.0042862,117.154
"330",8000,4,0.2286,55.5,0.0042862,112.524
"331",315,4,0.2286,39.6,0.00473801,122.229
"332",400,4,0.2286,39.6,0.00473801,123.879
"333",500,4,0.2286,39.6,0.00473801,127.039
"334",630,4,0.2286,39.6,0.00473801,129.579
"335",800,4,0.2286,39.6,0.00473801,130.469
"336",1000,4,0.2286,39.6,0.00473801,129.969
"337",1250,4,0.2286,39.6,0.00473801,128.339
"338",1600,4,0.2286,39.6,0.00473801,125.319
"339",2000,4,0.2286,39.6,0.00473801,121.659
"340",2500,4,0.2286,39.6,0.00473801,119.649
"341",3150,4,0.2286,39.6,0.00473801,120.419
"342",4000,4,0.2286,39.6,0.00473801,119.159
"343",5000,4,0.2286,39.6,0.00473801,117.649
"344",6300,4,0.2286,39.6,0.00473801,114.249
"345",8000,4,0.2286,39.6,0.00473801,113.129
"346",250,4,0.2286,31.7,0.00509068,120.189
"347",315,4,0.2286,31.7,0.00509068,123.609
"348",400,4,0.2286,31.7,0.00509068,126.149
"349",500,4,0.2286,31.7,0.00509068,128.939
"350",630,4,0.2286,31.7,0.00509068,130.349
"351",800,4,0.2286,31.7,0.00509068,130.869
"352",1000,4,0.2286,31.7,0.00509068,129.869
"353",1250,4,0.2286,31.7,0.00509068,128.119
"354",1600,4,0.2286,31.7,0.00509068,125.229
"355",2000,4,0.2286,31.7,0.00509068,122.089
"356",2500,4,0.2286,31.7,0.00509068,120.209
"357",3150,4,0.2286,31.7,0.00509068,120.229
"358",4000,4,0.2286,31.7,0.00509068,118.859
"359",5000,4,0.2286,31.7,0.00509068,115.969
"360",6300,4,0.2286,31.7,0.00509068,112.699
"361",400,5.3,0.2286,71.3,0.0051942,127.7
"362",500,5.3,0.2286,71.3,0.0051942,129.88
"363",630,5.3,0.2286,71.3,0.0051942,131.8
"364",800,5.3,0.2286,71.3,0.0051942,133.48
"365",1000,5.3,0.2286,71.3,0.0051942,134
"366",1250,5.3,0.2286,71.3,0.0051942,133.38
"367",1600,5.3,0.2286,71.3,0.0051942,130.46
"368",2000,5.3,0.2286,71.3,0.0051942,125.89
"369",2500,5.3,0.2286,71.3,0.0051942,123.74
"370",3150,5.3,0.2286,71.3,0.0051942,123.12
"371",4000,5.3,0.2286,71.3,0.0051942,120.33
"372",5000,5.3,0.2286,71.3,0.0051942,118.05
"373",6300,5.3,0.2286,71.3,0.0051942,116.92
"374",8000,5.3,0.2286,71.3,0.0051942,114.9
"375",10000,5.3,0.2286,71.3,0.0051942,111.35
"376",250,5.3,0.2286,39.6,0.00614329,127.011
"377",315,5.3,0.2286,39.6,0.00614329,129.691
"378",400,5.3,0.2286,39.6,0.00614329,131.221
"379",500,5.3,0.2286,39.6,0.00614329,132.251
"380",630,5.3,0.2286,39.6,0.00614329,132.011
"381",800,5.3,0.2286,39.6,0.00614329,129.491
"382",1000,5.3,0.2286,39.6,0.00614329,125.581
"383",1250,5.3,0.2286,39.6,0.00614329,125.721
"384",1600,5.3,0.2286,39.6,0.00614329,123.081
"385",2000,5.3,0.2286,39.6,0.00614329,117.911
"386",2500,5.3,0.2286,39.6,0.00614329,116.151
"387",3150,5.3,0.2286,39.6,0.00614329,118.441
"388",4000,5.3,0.2286,39.6,0.00614329,115.801
"389",5000,5.3,0.2286,39.6,0.00614329,115.311
"390",6300,5.3,0.2286,39.6,0.00614329,112.541
"391",200,7.3,0.2286,71.3,0.0104404,138.758
"392",250,7.3,0.2286,71.3,0.0104404,139.918
"393",315,7.3,0.2286,71.3,0.0104404,139.808
"394",400,7.3,0.2286,71.3,0.0104404,139.438
"395",500,7.3,0.2286,71.3,0.0104404,136.798
"396",630,7.3,0.2286,71.3,0.0104404,133.768
"397",800,7.3,0.2286,71.3,0.0104404,130.748
"398",1000,7.3,0.2286,71.3,0.0104404,126.838
"399",1250,7.3,0.2286,71.3,0.0104404,127.358
"400",1600,7.3,0.2286,71.3,0.0104404,125.728
"401",2000,7.3,0.2286,71.3,0.0104404,122.708
"402",2500,7.3,0.2286,71.3,0.0104404,122.088
"403",3150,7.3,0.2286,71.3,0.0104404,120.458
"404",4000,7.3,0.2286,71.3,0.0104404,119.208
"405",5000,7.3,0.2286,71.3,0.0104404,115.298
"406",6300,7.3,0.2286,71.3,0.0104404,115.818
"407",200,7.3,0.2286,55.5,0.0111706,135.234
"408",250,7.3,0.2286,55.5,0.0111706,136.384
"409",315,7.3,0.2286,55.5,0.0111706,136.284
"410",400,7.3,0.2286,55.5,0.0111706,135.924
"411",500,7.3,0.2286,55.5,0.0111706,133.174
"412",630,7.3,0.2286,55.5,0.0111706,130.934
"413",800,7.3,0.2286,55.5,0.0111706,128.444
"414",1000,7.3,0.2286,55.5,0.0111706,125.194
"415",1250,7.3,0.2286,55.5,0.0111706,125.724
"416",1600,7.3,0.2286,55.5,0.0111706,123.354
"417",2000,7.3,0.2286,55.5,0.0111706,120.354
"418",2500,7.3,0.2286,55.5,0.0111706,118.994
"419",3150,7.3,0.2286,55.5,0.0111706,117.134
"420",4000,7.3,0.2286,55.5,0.0111706,117.284
"421",5000,7.3,0.2286,55.5,0.0111706,113.144
"422",6300,7.3,0.2286,55.5,0.0111706,111.534
"423",200,7.3,0.2286,39.6,0.0123481,130.989
"424",250,7.3,0.2286,39.6,0.0123481,131.889
"425",315,7.3,0.2286,39.6,0.0123481,132.149
"426",400,7.3,0.2286,39.6,0.0123481,132.039
"427",500,7.3,0.2286,39.6,0.0123481,130.299
"428",630,7.3,0.2286,39.6,0.0123481,128.929
"429",800,7.3,0.2286,39.6,0.0123481,126.299
"430",1000,7.3,0.2286,39.6,0.0123481,122.539
"431",1250,7.3,0.2286,39.6,0.0123481,123.189
"432",1600,7.3,0.2286,39.6,0.0123481,121.059
"433",2000,7.3,0.2286,39.6,0.0123481,117.809
"434",2500,7.3,0.2286,39.6,0.0123481,116.559
"435",3150,7.3,0.2286,39.6,0.0123481,114.309
"436",4000,7.3,0.2286,39.6,0.0123481,114.079
"437",5000,7.3,0.2286,39.6,0.0123481,111.959
"438",6300,7.3,0.2286,39.6,0.0123481,110.839
"439",200,7.3,0.2286,31.7,0.0132672,128.679
"440",250,7.3,0.2286,31.7,0.0132672,130.089
"441",315,7.3,0.2286,31.7,0.0132672,130.239
"442",400,7.3,0.2286,31.7,0.0132672,130.269
"443",500,7.3,0.2286,31.7,0.0132672,128.169
"444",630,7.3,0.2286,31.7,0.0132672,126.189
"445",800,7.3,0.2286,31.7,0.0132672,123.209
"446",1000,7.3,0.2286,31.7,0.0132672,119.099
"447",1250,7.3,0.2286,31.7,0.0132672,120.509
"448",1600,7.3,0.2286,31.7,0.0132672,119.039
"449",2000,7.3,0.2286,31.7,0.0132672,115.309
"450",2500,7.3,0.2286,31.7,0.0132672,114.709
"451",3150,7.3,0.2286,31.7,0.0132672,113.229
"452",4000,7.3,0.2286,31.7,0.0132672,112.639
"453",5000,7.3,0.2286,31.7,0.0132672,111.029
"454",6300,7.3,0.2286,31.7,0.0132672,110.689
"455",800,0,0.1524,71.3,0.0015988,125.817
"456",1000,0,0.1524,71.3,0.0015988,127.307
"457",1250,0,0.1524,71.3,0.0015988,128.927
"458",1600,0,0.1524,71.3,0.0015988,129.667
"459",2000,0,0.1524,71.3,0.0015988,128.647
"460",2500,0,0.1524,71.3,0.0015988,128.127
"461",3150,0,0.1524,71.3,0.0015988,129.377
"462",4000,0,0.1524,71.3,0.0015988,128.857
"463",5000,0,0.1524,71.3,0.0015988,126.457
"464",6300,0,0.1524,71.3,0.0015988,125.427
"465",8000,0,0.1524,71.3,0.0015988,122.527
"466",10000,0,0.1524,71.3,0.0015988,120.247
"467",12500,0,0.1524,71.3,0.0015988,117.087
"468",16000,0,0.1524,71.3,0.0015988,113.297
"469",500,0,0.1524,55.5,0.00172668,120.573
"470",630,0,0.1524,55.5,0.00172668,123.583
"471",800,0,0.1524,55.5,0.00172668,126.713
"472",1000,0,0.1524,55.5,0.00172668,128.583
"473",1250,0,0.1524,55.5,0.00172668,129.953
"474",1600,0,0.1524,55.5,0.00172668,130.183
"475",2000,0,0.1524,55.5,0.00172668,129.673
"476",2500,0,0.1524,55.5,0.00172668,127.763
"477",3150,0,0.1524,55.5,0.00172668,127.753
"478",4000,0,0.1524,55.5,0.00172668,127.233
"479",5000,0,0.1524,55.5,0.00172668,125.203
"480",6300,0,0.1524,55.5,0.00172668,123.303
"481",8000,0,0.1524,55.5,0.00172668,121.903
"482",10000,0,0.1524,55.5,0.00172668,119.253
"483",12500,0,0.1524,55.5,0.00172668,117.093
"484",16000,0,0.1524,55.5,0.00172668,112.803
"485",500,0,0.1524,39.6,0.00193287,119.513
"486",630,0,0.1524,39.6,0.00193287,124.403
"487",800,0,0.1524,39.6,0.00193287,127.903
"488",1000,0,0.1524,39.6,0.00193287,130.033
"489",1250,0,0.1524,39.6,0.00193287,131.023
"490",1600,0,0.1524,39.6,0.00193287,131.013
"491",2000,0,0.1524,39.6,0.00193287,129.633
"492",2500,0,0.1524,39.6,0.00193287,126.863
"493",3150,0,0.1524,39.6,0.00193287,125.603
"494",4000,0,0.1524,39.6,0.00193287,125.343
"495",5000,0,0.1524,39.6,0.00193287,123.453
"496",6300,0,0.1524,39.6,0.00193287,121.313
"497",8000,0,0.1524,39.6,0.00193287,120.553
"498",10000,0,0.1524,39.6,0.00193287,115.413
"499",500,0,0.1524,31.7,0.00209405,121.617
"500",630,0,0.1524,31.7,0.00209405,125.997
"501",800,0,0.1524,31.7,0.00209405,129.117
"502",1000,0,0.1524,31.7,0.00209405,130.987
"503",1250,0,0.1524,31.7,0.00209405,131.467
"504",1600,0,0.1524,31.7,0.00209405,130.817
"505",2000,0,0.1524,31.7,0.00209405,128.907
"506",2500,0,0.1524,31.7,0.00209405,125.867
"507",3150,0,0.1524,31.7,0.00209405,124.207
"508",4000,0,0.1524,31.7,0.00209405,123.807
"509",5000,0,0.1524,31.7,0.00209405,122.397
"510",6300,0,0.1524,31.7,0.00209405,119.737
"511",8000,0,0.1524,31.7,0.00209405,117.957
"512",630,2.7,0.1524,71.3,0.00243851,127.404
"513",800,2.7,0.1524,71.3,0.00243851,127.394
"514",1000,2.7,0.1524,71.3,0.00243851,128.774
"515",1250,2.7,0.1524,71.3,0.00243851,130.144
"516",1600,2.7,0.1524,71.3,0.00243851,130.644
"517",2000,2.7,0.1524,71.3,0.00243851,130.114
"518",2500,2.7,0.1524,71.3,0.00243851,128.334
"519",3150,2.7,0.1524,71.3,0.00243851,127.054
"520",4000,2.7,0.1524,71.3,0.00243851,126.534
"521",5000,2.7,0.1524,71.3,0.00243851,124.364
"522",6300,2.7,0.1524,71.3,0.00243851,121.944
"523",8000,2.7,0.1524,71.3,0.00243851,120.534
"524",10000,2.7,0.1524,71.3,0.00243851,116.724
"525",12500,2.7,0.1524,71.3,0.00243851,113.034
"526",16000,2.7,0.1524,71.3,0.00243851,110.364
"527",500,2.7,0.1524,39.6,0.00294804,121.009
"528",630,2.7,0.1524,39.6,0.00294804,125.809
"529",800,2.7,0.1524,39.6,0.00294804,128.829
"530",1000,2.7,0.1524,39.6,0.00294804,130.589
"531",1250,2.7,0.1524,39.6,0.00294804,130.829
"532",1600,2.7,0.1524,39.6,0.00294804,130.049
"533",2000,2.7,0.1524,39.6,0.00294804,128.139
"534",2500,2.7,0.1524,39.6,0.00294804,125.589
"535",3150,2.7,0.1524,39.6,0.00294804,122.919
"536",4000,2.7,0.1524,39.6,0.00294804,121.889
"537",5000,2.7,0.1524,39.6,0.00294804,121.499
"538",6300,2.7,0.1524,39.6,0.00294804,119.209
"539",8000,2.7,0.1524,39.6,0.00294804,116.659
"540",10000,2.7,0.1524,39.6,0.00294804,112.589
"541",12500,2.7,0.1524,39.6,0.00294804,108.649
"542",400,5.4,0.1524,71.3,0.00401199,124.121
"543",500,5.4,0.1524,71.3,0.00401199,126.291
"544",630,5.4,0.1524,71.3,0.00401199,128.971
"545",800,5.4,0.1524,71.3,0.00401199,131.281
"546",1000,5.4,0.1524,71.3,0.00401199,133.201
"547",1250,5.4,0.1524,71.3,0.00401199,134.111
"548",1600,5.4,0.1524,71.3,0.00401199,133.241
"549",2000,5.4,0.1524,71.3,0.00401199,131.111
"550",2500,5.4,0.1524,71.3,0.00401199,127.591
"551",3150,5.4,0.1524,71.3,0.00401199,123.311
"552",4000,5.4,0.1524,71.3,0.00401199,121.431
"553",5000,5.4,0.1524,71.3,0.00401199,120.061
"554",6300,5.4,0.1524,71.3,0.00401199,116.411
"555",400,5.4,0.1524,55.5,0.00433288,126.807
"556",500,5.4,0.1524,55.5,0.00433288,129.367
"557",630,5.4,0.1524,55.5,0.00433288,131.807
"558",800,5.4,0.1524,55.5,0.00433288,133.097
"559",1000,5.4,0.1524,55.5,0.00433288,132.127
"560",1250,5.4,0.1524,55.5,0.00433288,130.777
"561",1600,5.4,0.1524,55.5,0.00433288,130.567
"562",2000,5.4,0.1524,55.5,0.00433288,128.707
"563",2500,5.4,0.1524,55.5,0.00433288,124.077
"564",3150,5.4,0.1524,55.5,0.00433288,121.587
"565",4000,5.4,0.1524,55.5,0.00433288,119.737
"566",5000,5.4,0.1524,55.5,0.00433288,118.757
"567",6300,5.4,0.1524,55.5,0.00433288,117.287
"568",8000,5.4,0.1524,55.5,0.00433288,114.927
"569",315,5.4,0.1524,39.6,0.00485029,125.347
"570",400,5.4,0.1524,39.6,0.00485029,127.637
"571",500,5.4,0.1524,39.6,0.00485029,129.937
"572",630,5.4,0.1524,39.6,0.00485029,132.357
"573",800,5.4,0.1524,39.6,0.00485029,132.757
"574",1000,5.4,0.1524,39.6,0.00485029,130.507
"575",1250,5.4,0.1524,39.6,0.00485029,127.117
"576",1600,5.4,0.1524,39.6,0.00485029,126.267
"577",2000,5.4,0.1524,39.6,0.00485029,124.647
"578",2500,5.4,0.1524,39.6,0.00485029,120.497
"579",3150,5.4,0.1524,39.6,0.00485029,119.137
"580",4000,5.4,0.1524,39.6,0.00485029,117.137
"581",5000,5.4,0.1524,39.6,0.00485029,117.037
"582",6300,5.4,0.1524,39.6,0.00485029,116.677
"583",315,5.4,0.1524,31.7,0.00525474,125.741
"584",400,5.4,0.1524,31.7,0.00525474,127.781
"585",500,5.4,0.1524,31.7,0.00525474,129.681
"586",630,5.4,0.1524,31.7,0.00525474,131.471
"587",800,5.4,0.1524,31.7,0.00525474,131.491
"588",1000,5.4,0.1524,31.7,0.00525474,128.241
"589",1250,5.4,0.1524,31.7,0.00525474,123.991
"590",1600,5.4,0.1524,31.7,0.00525474,123.761
"591",2000,5.4,0.1524,31.7,0.00525474,122.771
"592",2500,5.4,0.1524,31.7,0.00525474,119.151
"593",3150,5.4,0.1524,31.7,0.00525474,118.291
"594",4000,5.4,0.1524,31.7,0.00525474,116.181
"595",5000,5.4,0.1524,31.7,0.00525474,115.691
"596",6300,5.4,0.1524,31.7,0.00525474,115.591
"597",315,7.2,0.1524,71.3,0.00752039,128.713
"598",400,7.2,0.1524,71.3,0.00752039,130.123
"599",500,7.2,0.1524,71.3,0.00752039,132.043
"600",630,7.2,0.1524,71.3,0.00752039,134.853
"601",800,7.2,0.1524,71.3,0.00752039,136.023
"602",1000,7.2,0.1524,71.3,0.00752039,134.273
"603",1250,7.2,0.1524,71.3,0.00752039,132.513
"604",1600,7.2,0.1524,71.3,0.00752039,130.893
"605",2000,7.2,0.1524,71.3,0.00752039,128.643
"606",2500,7.2,0.1524,71.3,0.00752039,124.353
"607",3150,7.2,0.1524,71.3,0.00752039,116.783
"608",4000,7.2,0.1524,71.3,0.00752039,119.343
"609",5000,7.2,0.1524,71.3,0.00752039,118.343
"610",6300,7.2,0.1524,71.3,0.00752039,116.603
"611",8000,7.2,0.1524,71.3,0.00752039,113.333
"612",10000,7.2,0.1524,71.3,0.00752039,110.313
"613",250,7.2,0.1524,39.6,0.00909175,127.488
"614",315,7.2,0.1524,39.6,0.00909175,130.558
"615",400,7.2,0.1524,39.6,0.00909175,132.118
"616",500,7.2,0.1524,39.6,0.00909175,132.658
"617",630,7.2,0.1524,39.6,0.00909175,133.198
"618",800,7.2,0.1524,39.6,0.00909175,132.358
"619",1000,7.2,0.1524,39.6,0.00909175,128.338
"620",1250,7.2,0.1524,39.6,0.00909175,122.428
"621",1600,7.2,0.1524,39.6,0.00909175,120.058
"622",2000,7.2,0.1524,39.6,0.00909175,120.228
"623",2500,7.2,0.1524,39.6,0.00909175,117.478
"624",3150,7.2,0.1524,39.6,0.00909175,111.818
"625",4000,7.2,0.1524,39.6,0.00909175,114.258
"626",5000,7.2,0.1524,39.6,0.00909175,113.288
"627",6300,7.2,0.1524,39.6,0.00909175,112.688
"628",8000,7.2,0.1524,39.6,0.00909175,111.588
"629",10000,7.2,0.1524,39.6,0.00909175,110.868
"630",200,9.9,0.1524,71.3,0.0193001,134.319
"631",250,9.9,0.1524,71.3,0.0193001,135.329
"632",315,9.9,0.1524,71.3,0.0193001,135.459
"633",400,9.9,0.1524,71.3,0.0193001,135.079
"634",500,9.9,0.1524,71.3,0.0193001,131.279
"635",630,9.9,0.1524,71.3,0.0193001,129.889
"636",800,9.9,0.1524,71.3,0.0193001,128.879
"637",1000,9.9,0.1524,71.3,0.0193001,126.349
"638",1250,9.9,0.1524,71.3,0.0193001,122.679
"639",1600,9.9,0.1524,71.3,0.0193001,121.789
"640",2000,9.9,0.1524,71.3,0.0193001,120.779
"641",2500,9.9,0.1524,71.3,0.0193001,119.639
"642",3150,9.9,0.1524,71.3,0.0193001,116.849
"643",4000,9.9,0.1524,71.3,0.0193001,115.079
"644",5000,9.9,0.1524,71.3,0.0193001,114.569
"645",6300,9.9,0.1524,71.3,0.0193001,112.039
"646",200,9.9,0.1524,55.5,0.0208438,131.955
"647",250,9.9,0.1524,55.5,0.0208438,133.235
"648",315,9.9,0.1524,55.5,0.0208438,132.355
"649",400,9.9,0.1524,55.5,0.0208438,131.605
"650",500,9.9,0.1524,55.5,0.0208438,127.815
"651",630,9.9,0.1524,55.5,0.0208438,127.315
"652",800,9.9,0.1524,55.5,0.0208438,126.565
"653",1000,9.9,0.1524,55.5,0.0208438,124.665
"654",1250,9.9,0.1524,55.5,0.0208438,121.635
"655",1600,9.9,0.1524,55.5,0.0208438,119.875
"656",2000,9.9,0.1524,55.5,0.0208438,119.505
"657",2500,9.9,0.1524,55.5,0.0208438,118.365
"658",3150,9.9,0.1524,55.5,0.0208438,115.085
"659",4000,9.9,0.1524,55.5,0.0208438,112.945
"660",5000,9.9,0.1524,55.5,0.0208438,112.065
"661",6300,9.9,0.1524,55.5,0.0208438,110.555
"662",200,9.9,0.1524,39.6,0.0233328,127.315
"663",250,9.9,0.1524,39.6,0.0233328,128.335
"664",315,9.9,0.1524,39.6,0.0233328,128.595
"665",400,9.9,0.1524,39.6,0.0233328,128.345
"666",500,9.9,0.1524,39.6,0.0233328,126.835
"667",630,9.9,0.1524,39.6,0.0233328,126.465
"668",800,9.9,0.1524,39.6,0.0233328,126.345
"669",1000,9.9,0.1524,39.6,0.0233328,123.835
"670",1250,9.9,0.1524,39.6,0.0233328,120.555
"671",1600,9.9,0.1524,39.6,0.0233328,118.545
"672",2000,9.9,0.1524,39.6,0.0233328,117.925
"673",2500,9.9,0.1524,39.6,0.0233328,116.295
"674",3150,9.9,0.1524,39.6,0.0233328,113.525
"675",4000,9.9,0.1524,39.6,0.0233328,112.265
"676",5000,9.9,0.1524,39.6,0.0233328,111.135
"677",6300,9.9,0.1524,39.6,0.0233328,109.885
"678",200,9.9,0.1524,31.7,0.0252785,127.299
"679",250,9.9,0.1524,31.7,0.0252785,128.559
"680",315,9.9,0.1524,31.7,0.0252785,128.809
"681",400,9.9,0.1524,31.7,0.0252785,128.939
"682",500,9.9,0.1524,31.7,0.0252785,127.179
"683",630,9.9,0.1524,31.7,0.0252785,126.049
"684",800,9.9,0.1524,31.7,0.0252785,125.539
"685",1000,9.9,0.1524,31.7,0.0252785,122.149
"686",1250,9.9,0.1524,31.7,0.0252785,118.619
"687",1600,9.9,0.1524,31.7,0.0252785,117.119
"688",2000,9.9,0.1524,31.7,0.0252785,116.859
"689",2500,9.9,0.1524,31.7,0.0252785,114.729
"690",3150,9.9,0.1524,31.7,0.0252785,112.209
"691",4000,9.9,0.1524,31.7,0.0252785,111.459
"692",5000,9.9,0.1524,31.7,0.0252785,109.949
"693",6300,9.9,0.1524,31.7,0.0252785,108.689
"694",200,12.6,0.1524,71.3,0.0483159,128.354
"695",250,12.6,0.1524,71.3,0.0483159,129.744
"696",315,12.6,0.1524,71.3,0.0483159,128.484
"697",400,12.6,0.1524,71.3,0.0483159,127.094
"698",500,12.6,0.1524,71.3,0.0483159,121.664
"699",630,12.6,0.1524,71.3,0.0483159,123.304
"700",800,12.6,0.1524,71.3,0.0483159,123.054
"701",1000,12.6,0.1524,71.3,0.0483159,122.044
"702",1250,12.6,0.1524,71.3,0.0483159,120.154
"703",1600,12.6,0.1524,71.3,0.0483159,120.534
"704",2000,12.6,0.1524,71.3,0.0483159,117.504
"705",2500,12.6,0.1524,71.3,0.0483159,115.234
"706",3150,12.6,0.1524,71.3,0.0483159,113.334
"707",4000,12.6,0.1524,71.3,0.0483159,108.034
"708",5000,12.6,0.1524,71.3,0.0483159,108.034
"709",6300,12.6,0.1524,71.3,0.0483159,107.284
"710",200,12.6,0.1524,39.6,0.0584113,114.75
"711",250,12.6,0.1524,39.6,0.0584113,115.89
"712",315,12.6,0.1524,39.6,0.0584113,116.02
"713",400,12.6,0.1524,39.6,0.0584113,115.91
"714",500,12.6,0.1524,39.6,0.0584113,114.9
"715",630,12.6,0.1524,39.6,0.0584113,116.55
"716",800,12.6,0.1524,39.6,0.0584113,116.56
"717",1000,12.6,0.1524,39.6,0.0584113,114.67
"718",1250,12.6,0.1524,39.6,0.0584113,112.16
"719",1600,12.6,0.1524,39.6,0.0584113,110.78
"720",2000,12.6,0.1524,39.6,0.0584113,109.52
"721",2500,12.6,0.1524,39.6,0.0584113,106.88
"722",3150,12.6,0.1524,39.6,0.0584113,106.26
"723",4000,12.6,0.1524,39.6,0.0584113,104.5
"724",5000,12.6,0.1524,39.6,0.0584113,104.13
"725",6300,12.6,0.1524,39.6,0.0584113,103.38
"726",800,0,0.0508,71.3,0.000740478,130.96
"727",1000,0,0.0508,71.3,0.000740478,129.45
"728",1250,0,0.0508,71.3,0.000740478,128.56
"729",1600,0,0.0508,71.3,0.000740478,129.68
"730",2000,0,0.0508,71.3,0.000740478,131.06
"731",2500,0,0.0508,71.3,0.000740478,131.31
"732",3150,0,0.0508,71.3,0.000740478,135.07
"733",4000,0,0.0508,71.3,0.000740478,134.43
"734",5000,0,0.0508,71.3,0.000740478,134.43
"735",6300,0,0.0508,71.3,0.000740478,133.04
"736",8000,0,0.0508,71.3,0.000740478,130.89
"737",10000,0,0.0508,71.3,0.000740478,128.74
"738",12500,0,0.0508,71.3,0.000740478,125.22
"739",800,0,0.0508,55.5,0.00076193,124.336
"740",1000,0,0.0508,55.5,0.00076193,125.586
"741",1250,0,0.0508,55.5,0.00076193,127.076
"742",1600,0,0.0508,55.5,0.00076193,128.576
"743",2000,0,0.0508,55.5,0.00076193,131.456
"744",2500,0,0.0508,55.5,0.00076193,133.956
"745",3150,0,0.0508,55.5,0.00076193,134.826
"746",4000,0,0.0508,55.5,0.00076193,134.946
"747",5000,0,0.0508,55.5,0.00076193,134.556
"748",6300,0,0.0508,55.5,0.00076193,132.796
"749",8000,0,0.0508,55.5,0.00076193,130.156
"750",10000,0,0.0508,55.5,0.00076193,127.636
"751",12500,0,0.0508,55.5,0.00076193,125.376
"752",800,0,0.0508,39.6,0.000791822,126.508
"753",1000,0,0.0508,39.6,0.000791822,127.638
"754",1250,0,0.0508,39.6,0.000791822,129.148
"755",1600,0,0.0508,39.6,0.000791822,130.908
"756",2000,0,0.0508,39.6,0.000791822,132.918
"757",2500,0,0.0508,39.6,0.000791822,134.938
"758",3150,0,0.0508,39.6,0.000791822,135.938
"759",4000,0,0.0508,39.6,0.000791822,135.308
"760",5000,0,0.0508,39.6,0.000791822,134.308
"761",6300,0,0.0508,39.6,0.000791822,131.918
"762",8000,0,0.0508,39.6,0.000791822,128.518
"763",10000,0,0.0508,39.6,0.000791822,125.998
"764",12500,0,0.0508,39.6,0.000791822,123.988
"765",800,0,0.0508,31.7,0.000812164,122.79
"766",1000,0,0.0508,31.7,0.000812164,126.78
"767",1250,0,0.0508,31.7,0.000812164,129.27
"768",1600,0,0.0508,31.7,0.000812164,131.01
"769",2000,0,0.0508,31.7,0.000812164,133.01
"770",2500,0,0.0508,31.7,0.000812164,134.87
"771",3150,0,0.0508,31.7,0.000812164,135.49
"772",4000,0,0.0508,31.7,0.000812164,134.11
"773",5000,0,0.0508,31.7,0.000812164,133.23
"774",6300,0,0.0508,31.7,0.000812164,130.34
"775",8000,0,0.0508,31.7,0.000812164,126.59
"776",10000,0,0.0508,31.7,0.000812164,122.45
"777",12500,0,0.0508,31.7,0.000812164,119.07
"778",1600,4.2,0.0508,71.3,0.00142788,124.318
"779",2000,4.2,0.0508,71.3,0.00142788,129.848
"780",2500,4.2,0.0508,71.3,0.00142788,131.978
"781",3150,4.2,0.0508,71.3,0.00142788,133.728
"782",4000,4.2,0.0508,71.3,0.00142788,133.598
"783",5000,4.2,0.0508,71.3,0.00142788,132.828
"784",6300,4.2,0.0508,71.3,0.00142788,129.308
"785",8000,4.2,0.0508,71.3,0.00142788,125.268
"786",10000,4.2,0.0508,71.3,0.00142788,121.238
"787",12500,4.2,0.0508,71.3,0.00142788,117.328
"788",1000,4.2,0.0508,39.6,0.00152689,125.647
"789",1250,4.2,0.0508,39.6,0.00152689,128.427
"790",1600,4.2,0.0508,39.6,0.00152689,130.197
"791",2000,4.2,0.0508,39.6,0.00152689,132.587
"792",2500,4.2,0.0508,39.6,0.00152689,133.847
"793",3150,4.2,0.0508,39.6,0.00152689,133.587
"794",4000,4.2,0.0508,39.6,0.00152689,131.807
"795",5000,4.2,0.0508,39.6,0.00152689,129.777
"796",6300,4.2,0.0508,39.6,0.00152689,125.717
"797",8000,4.2,0.0508,39.6,0.00152689,120.397
"798",10000,4.2,0.0508,39.6,0.00152689,116.967
"799",800,8.4,0.0508,71.3,0.00529514,127.556
"800",1000,8.4,0.0508,71.3,0.00529514,129.946
"801",1250,8.4,0.0508,71.3,0.00529514,132.086
"802",1600,8.4,0.0508,71.3,0.00529514,133.846
"803",2000,8.4,0.0508,71.3,0.00529514,134.476
"804",2500,8.4,0.0508,71.3,0.00529514,134.226
"805",3150,8.4,0.0508,71.3,0.00529514,131.966
"806",4000,8.4,0.0508,71.3,0.00529514,126.926
"807",5000,8.4,0.0508,71.3,0.00529514,121.146
"808",400,8.4,0.0508,55.5,0.00544854,121.582
"809",500,8.4,0.0508,55.5,0.00544854,123.742
"810",630,8.4,0.0508,55.5,0.00544854,126.152
"811",800,8.4,0.0508,55.5,0.00544854,128.562
"812",1000,8.4,0.0508,55.5,0.00544854,130.722
"813",1250,8.4,0.0508,55.5,0.00544854,132.252
"814",1600,8.4,0.0508,55.5,0.00544854,133.032
"815",2000,8.4,0.0508,55.5,0.00544854,133.042
"816",2500,8.4,0.0508,55.5,0.00544854,131.542
"817",3150,8.4,0.0508,55.5,0.00544854,128.402
"818",4000,8.4,0.0508,55.5,0.00544854,122.612
"819",5000,8.4,0.0508,55.5,0.00544854,115.812
"820",400,8.4,0.0508,39.6,0.00566229,120.015
"821",500,8.4,0.0508,39.6,0.00566229,122.905
"822",630,8.4,0.0508,39.6,0.00566229,126.045
"823",800,8.4,0.0508,39.6,0.00566229,128.435
"824",1000,8.4,0.0508,39.6,0.00566229,130.195
"825",1250,8.4,0.0508,39.6,0.00566229,131.205
"826",1600,8.4,0.0508,39.6,0.00566229,130.965
"827",2000,8.4,0.0508,39.6,0.00566229,129.965
"828",2500,8.4,0.0508,39.6,0.00566229,127.465
"829",3150,8.4,0.0508,39.6,0.00566229,123.965
"830",4000,8.4,0.0508,39.6,0.00566229,118.955
"831",400,8.4,0.0508,31.7,0.00580776,120.076
"832",500,8.4,0.0508,31.7,0.00580776,122.966
"833",630,8.4,0.0508,31.7,0.00580776,125.856
"834",800,8.4,0.0508,31.7,0.00580776,128.246
"835",1000,8.4,0.0508,31.7,0.00580776,129.516
"836",1250,8.4,0.0508,31.7,0.00580776,130.156
"837",1600,8.4,0.0508,31.7,0.00580776,129.296
"838",2000,8.4,0.0508,31.7,0.00580776,127.686
"839",2500,8.4,0.0508,31.7,0.00580776,125.576
"840",3150,8.4,0.0508,31.7,0.00580776,122.086
"841",4000,8.4,0.0508,31.7,0.00580776,118.106
"842",200,11.2,0.0508,71.3,0.014072,125.941
"843",250,11.2,0.0508,71.3,0.014072,127.101
"844",315,11.2,0.0508,71.3,0.014072,128.381
"845",400,11.2,0.0508,71.3,0.014072,129.281
"846",500,11.2,0.0508,71.3,0.014072,130.311
"847",630,11.2,0.0508,71.3,0.014072,133.611
"848",800,11.2,0.0508,71.3,0.014072,136.031
"849",1000,11.2,0.0508,71.3,0.014072,136.941
"850",1250,11.2,0.0508,71.3,0.014072,136.191
"851",1600,11.2,0.0508,71.3,0.014072,135.191
"852",2000,11.2,0.0508,71.3,0.014072,133.311
"853",2500,11.2,0.0508,71.3,0.014072,130.541
"854",3150,11.2,0.0508,71.3,0.014072,127.141
"855",4000,11.2,0.0508,71.3,0.014072,122.471
"856",200,11.2,0.0508,39.6,0.0150478,125.01
"857",250,11.2,0.0508,39.6,0.0150478,126.43
"858",315,11.2,0.0508,39.6,0.0150478,128.99
"859",400,11.2,0.0508,39.6,0.0150478,130.67
"860",500,11.2,0.0508,39.6,0.0150478,131.96
"861",630,11.2,0.0508,39.6,0.0150478,133.13
"862",800,11.2,0.0508,39.6,0.0150478,133.79
"863",1000,11.2,0.0508,39.6,0.0150478,132.43
"864",1250,11.2,0.0508,39.6,0.0150478,130.05
"865",1600,11.2,0.0508,39.6,0.0150478,126.54
"866",2000,11.2,0.0508,39.6,0.0150478,124.42
"867",2500,11.2,0.0508,39.6,0.0150478,122.17
"868",3150,11.2,0.0508,39.6,0.0150478,119.67
"869",4000,11.2,0.0508,39.6,0.0150478,115.52
"870",200,15.4,0.0508,71.3,0.0264269,123.595
"871",250,15.4,0.0508,71.3,0.0264269,124.835
"872",315,15.4,0.0508,71.3,0.0264269,126.195
"873",400,15.4,0.0508,71.3,0.0264269,126.805
"874",500,15.4,0.0508,71.3,0.0264269,127.285
"875",630,15.4,0.0508,71.3,0.0264269,129.645
"876",800,15.4,0.0508,71.3,0.0264269,131.515
"877",1000,15.4,0.0508,71.3,0.0264269,131.865
"878",1250,15.4,0.0508,71.3,0.0264269,130.845
"879",1600,15.4,0.0508,71.3,0.0264269,130.065
"880",2000,15.4,0.0508,71.3,0.0264269,129.285
"881",2500,15.4,0.0508,71.3,0.0264269,127.625
"882",3150,15.4,0.0508,71.3,0.0264269,125.715
"883",4000,15.4,0.0508,71.3,0.0264269,122.675
"884",5000,15.4,0.0508,71.3,0.0264269,119.135
"885",6300,15.4,0.0508,71.3,0.0264269,115.215
"886",8000,15.4,0.0508,71.3,0.0264269,112.675
"887",200,15.4,0.0508,55.5,0.0271925,122.94
"888",250,15.4,0.0508,55.5,0.0271925,124.17
"889",315,15.4,0.0508,55.5,0.0271925,125.39
"890",400,15.4,0.0508,55.5,0.0271925,126.5
"891",500,15.4,0.0508,55.5,0.0271925,127.22
"892",630,15.4,0.0508,55.5,0.0271925,129.33
"893",800,15.4,0.0508,55.5,0.0271925,130.43
"894",1000,15.4,0.0508,55.5,0.0271925,130.4
"895",1250,15.4,0.0508,55.5,0.0271925,130
"896",1600,15.4,0.0508,55.5,0.0271925,128.2
"897",2000,15.4,0.0508,55.5,0.0271925,127.04
"898",2500,15.4,0.0508,55.5,0.0271925,125.63
"899",3150,15.4,0.0508,55.5,0.0271925,123.46
"900",4000,15.4,0.0508,55.5,0.0271925,120.92
"901",5000,15.4,0.0508,55.5,0.0271925,117.11
"902",6300,15.4,0.0508,55.5,0.0271925,112.93
"903",200,15.4,0.0508,39.6,0.0282593,121.783
"904",250,15.4,0.0508,39.6,0.0282593,122.893
"905",315,15.4,0.0508,39.6,0.0282593,124.493
"906",400,15.4,0.0508,39.6,0.0282593,125.353
"907",500,15.4,0.0508,39.6,0.0282593,125.963
"908",630,15.4,0.0508,39.6,0.0282593,127.443
"909",800,15.4,0.0508,39.6,0.0282593,128.423
"910",1000,15.4,0.0508,39.6,0.0282593,127.893
"911",1250,15.4,0.0508,39.6,0.0282593,126.743
"912",1600,15.4,0.0508,39.6,0.0282593,124.843
"913",2000,15.4,0.0508,39.6,0.0282593,123.443
"914",2500,15.4,0.0508,39.6,0.0282593,122.413
"915",3150,15.4,0.0508,39.6,0.0282593,120.513
"916",4000,15.4,0.0508,39.6,0.0282593,118.113
"917",5000,15.4,0.0508,39.6,0.0282593,114.453
"918",6300,15.4,0.0508,39.6,0.0282593,109.663
"919",200,15.4,0.0508,31.7,0.0289853,119.975
"920",250,15.4,0.0508,31.7,0.0289853,121.225
"921",315,15.4,0.0508,31.7,0.0289853,122.845
"922",400,15.4,0.0508,31.7,0.0289853,123.705
"923",500,15.4,0.0508,31.7,0.0289853,123.695
"924",630,15.4,0.0508,31.7,0.0289853,124.685
"925",800,15.4,0.0508,31.7,0.0289853,125.555
"926",1000,15.4,0.0508,31.7,0.0289853,124.525
"927",1250,15.4,0.0508,31.7,0.0289853,123.255
"928",1600,15.4,0.0508,31.7,0.0289853,121.485
"929",2000,15.4,0.0508,31.7,0.0289853,120.835
"930",2500,15.4,0.0508,31.7,0.0289853,119.945
"931",3150,15.4,0.0508,31.7,0.0289853,118.045
"932",4000,15.4,0.0508,31.7,0.0289853,115.635
"933",5000,15.4,0.0508,31.7,0.0289853,112.355
"934",6300,15.4,0.0508,31.7,0.0289853,108.185
"935",200,19.7,0.0508,71.3,0.0341183,118.005
"936",250,19.7,0.0508,71.3,0.0341183,119.115
"937",315,19.7,0.0508,71.3,0.0341183,121.235
"938",400,19.7,0.0508,71.3,0.0341183,123.865
"939",500,19.7,0.0508,71.3,0.0341183,126.995
"940",630,19.7,0.0508,71.3,0.0341183,128.365
"941",800,19.7,0.0508,71.3,0.0341183,124.555
"942",1000,19.7,0.0508,71.3,0.0341183,121.885
"943",1250,19.7,0.0508,71.3,0.0341183,121.485
"944",1600,19.7,0.0508,71.3,0.0341183,120.575
"945",2000,19.7,0.0508,71.3,0.0341183,120.055
"946",2500,19.7,0.0508,71.3,0.0341183,118.385
"947",3150,19.7,0.0508,71.3,0.0341183,116.225
"948",4000,19.7,0.0508,71.3,0.0341183,113.045
"949",200,19.7,0.0508,39.6,0.036484,125.974
"950",250,19.7,0.0508,39.6,0.036484,127.224
"951",315,19.7,0.0508,39.6,0.036484,129.864
"952",400,19.7,0.0508,39.6,0.036484,130.614
"953",500,19.7,0.0508,39.6,0.036484,128.444
"954",630,19.7,0.0508,39.6,0.036484,120.324
"955",800,19.7,0.0508,39.6,0.036484,119.174
"956",1000,19.7,0.0508,39.6,0.036484,118.904
"957",1250,19.7,0.0508,39.6,0.036484,118.634
"958",1600,19.7,0.0508,39.6,0.036484,117.604
"959",2000,19.7,0.0508,39.6,0.036484,117.724
"960",2500,19.7,0.0508,39.6,0.036484,116.184
"961",3150,19.7,0.0508,39.6,0.036484,113.004
"962",4000,19.7,0.0508,39.6,0.036484,108.684
"963",2500,0,0.0254,71.3,0.000400682,133.707
"964",3150,0,0.0254,71.3,0.000400682,137.007
"965",4000,0,0.0254,71.3,0.000400682,138.557
"966",5000,0,0.0254,71.3,0.000400682,136.837
"967",6300,0,0.0254,71.3,0.000400682,134.987
"968",8000,0,0.0254,71.3,0.000400682,129.867
"969",10000,0,0.0254,71.3,0.000400682,130.787
"970",12500,0,0.0254,71.3,0.000400682,133.207
"971",16000,0,0.0254,71.3,0.000400682,130.477
"972",20000,0,0.0254,71.3,0.000400682,123.217
"973",2000,0,0.0254,55.5,0.00041229,127.623
"974",2500,0,0.0254,55.5,0.00041229,130.073
"975",3150,0,0.0254,55.5,0.00041229,130.503
"976",4000,0,0.0254,55.5,0.00041229,133.223
"977",5000,0,0.0254,55.5,0.00041229,135.803
"978",6300,0,0.0254,55.5,0.00041229,136.103
"979",8000,0,0.0254,55.5,0.00041229,136.163
"980",10000,0,0.0254,55.5,0.00041229,134.563
"981",12500,0,0.0254,55.5,0.00041229,131.453
"982",16000,0,0.0254,55.5,0.00041229,125.683
"983",20000,0,0.0254,55.5,0.00041229,121.933
"984",1600,0,0.0254,39.6,0.000428464,124.156
"985",2000,0,0.0254,39.6,0.000428464,130.026
"986",2500,0,0.0254,39.6,0.000428464,131.836
"987",3150,0,0.0254,39.6,0.000428464,133.276
"988",4000,0,0.0254,39.6,0.000428464,135.346
"989",5000,0,0.0254,39.6,0.000428464,136.536
"990",6300,0,0.0254,39.6,0.000428464,136.826
"991",8000,0,0.0254,39.6,0.000428464,135.866
"992",10000,0,0.0254,39.6,0.000428464,133.376
"993",12500,0,0.0254,39.6,0.000428464,129.116
"994",16000,0,0.0254,39.6,0.000428464,124.986
"995",1000,0,0.0254,31.7,0.000439472,125.127
"996",1250,0,0.0254,31.7,0.000439472,127.947
"997",1600,0,0.0254,31.7,0.000439472,129.267
"998",2000,0,0.0254,31.7,0.000439472,130.697
"999",2500,0,0.0254,31.7,0.000439472,132.897
"1000",3150,0,0.0254,31.7,0.000439472,135.227
"1001",4000,0,0.0254,31.7,0.000439472,137.047
"1002",5000,0,0.0254,31.7,0.000439472,138.607
"1003",6300,0,0.0254,31.7,0.000439472,138.537
"1004",8000,0,0.0254,31.7,0.000439472,137.207
"1005",10000,0,0.0254,31.7,0.000439472,134.227
"1006",12500,0,0.0254,31.7,0.000439472,128.977
"1007",16000,0,0.0254,31.7,0.000439472,125.627
"1008",2000,4.8,0.0254,71.3,0.000848633,128.398
"1009",2500,4.8,0.0254,71.3,0.000848633,130.828
"1010",3150,4.8,0.0254,71.3,0.000848633,133.378
"1011",4000,4.8,0.0254,71.3,0.000848633,134.928
"1012",5000,4.8,0.0254,71.3,0.000848633,135.468
"1013",6300,4.8,0.0254,71.3,0.000848633,134.498
"1014",8000,4.8,0.0254,71.3,0.000848633,131.518
"1015",10000,4.8,0.0254,71.3,0.000848633,127.398
"1016",12500,4.8,0.0254,71.3,0.000848633,127.688
"1017",16000,4.8,0.0254,71.3,0.000848633,124.208
"1018",20000,4.8,0.0254,71.3,0.000848633,119.708
"1019",1600,4.8,0.0254,55.5,0.000873218,121.474
"1020",2000,4.8,0.0254,55.5,0.000873218,125.054
"1021",2500,4.8,0.0254,55.5,0.000873218,129.144
"1022",3150,4.8,0.0254,55.5,0.000873218,132.354
"1023",4000,4.8,0.0254,55.5,0.000873218,133.924
"1024",5000,4.8,0.0254,55.5,0.000873218,135.484
"1025",6300,4.8,0.0254,55.5,0.000873218,135.164
"1026",8000,4.8,0.0254,55.5,0.000873218,132.184
"1027",10000,4.8,0.0254,55.5,0.000873218,126.944
"1028",12500,4.8,0.0254,55.5,0.000873218,125.094
"1029",16000,4.8,0.0254,55.5,0.000873218,124.394
"1030",20000,4.8,0.0254,55.5,0.000873218,121.284
"1031",500,4.8,0.0254,39.6,0.000907475,116.366
"1032",630,4.8,0.0254,39.6,0.000907475,118.696
"1033",800,4.8,0.0254,39.6,0.000907475,120.766
"1034",1000,4.8,0.0254,39.6,0.000907475,122.956
"1035",1250,4.8,0.0254,39.6,0.000907475,125.026
"1036",1600,4.8,0.0254,39.6,0.000907475,125.966
"1037",2000,4.8,0.0254,39.6,0.000907475,128.916
"1038",2500,4.8,0.0254,39.6,0.000907475,131.236
"1039",3150,4.8,0.0254,39.6,0.000907475,133.436
"1040",4000,4.8,0.0254,39.6,0.000907475,134.996
"1041",5000,4.8,0.0254,39.6,0.000907475,135.426
"1042",6300,4.8,0.0254,39.6,0.000907475,134.336
"1043",8000,4.8,0.0254,39.6,0.000907475,131.346
"1044",10000,4.8,0.0254,39.6,0.000907475,126.066
"1045",500,4.8,0.0254,31.7,0.000930789,116.128
"1046",630,4.8,0.0254,31.7,0.000930789,120.078
"1047",800,4.8,0.0254,31.7,0.000930789,122.648
"1048",1000,4.8,0.0254,31.7,0.000930789,125.348
"1049",1250,4.8,0.0254,31.7,0.000930789,127.408
"1050",1600,4.8,0.0254,31.7,0.000930789,128.718
"1051",2000,4.8,0.0254,31.7,0.000930789,130.148
"1052",2500,4.8,0.0254,31.7,0.000930789,132.588
"1053",3150,4.8,0.0254,31.7,0.000930789,134.268
"1054",4000,4.8,0.0254,31.7,0.000930789,135.328
"1055",5000,4.8,0.0254,31.7,0.000930789,135.248
"1056",6300,4.8,0.0254,31.7,0.000930789,132.898
"1057",8000,4.8,0.0254,31.7,0.000930789,127.008
"1058",630,9.5,0.0254,71.3,0.00420654,125.726
"1059",800,9.5,0.0254,71.3,0.00420654,127.206
"1060",1000,9.5,0.0254,71.3,0.00420654,129.556
"1061",1250,9.5,0.0254,71.3,0.00420654,131.656
"1062",1600,9.5,0.0254,71.3,0.00420654,133.756
"1063",2000,9.5,0.0254,71.3,0.00420654,134.976
"1064",2500,9.5,0.0254,71.3,0.00420654,135.956
"1065",3150,9.5,0.0254,71.3,0.00420654,136.166
"1066",4000,9.5,0.0254,71.3,0.00420654,134.236
"1067",5000,9.5,0.0254,71.3,0.00420654,131.186
"1068",6300,9.5,0.0254,71.3,0.00420654,127.246
"1069",400,9.5,0.0254,55.5,0.0043284,120.952
"1070",500,9.5,0.0254,55.5,0.0043284,123.082
"1071",630,9.5,0.0254,55.5,0.0043284,125.452
"1072",800,9.5,0.0254,55.5,0.0043284,128.082
"1073",1000,9.5,0.0254,55.5,0.0043284,130.332
"1074",1250,9.5,0.0254,55.5,0.0043284,132.202
"1075",1600,9.5,0.0254,55.5,0.0043284,133.062
"1076",2000,9.5,0.0254,55.5,0.0043284,134.052
"1077",2500,9.5,0.0254,55.5,0.0043284,134.152
"1078",3150,9.5,0.0254,55.5,0.0043284,133.252
"1079",4000,9.5,0.0254,55.5,0.0043284,131.582
"1080",5000,9.5,0.0254,55.5,0.0043284,128.412
"1081",6300,9.5,0.0254,55.5,0.0043284,124.222
"1082",200,9.5,0.0254,39.6,0.00449821,116.074
"1083",250,9.5,0.0254,39.6,0.00449821,116.924
"1084",315,9.5,0.0254,39.6,0.00449821,119.294
"1085",400,9.5,0.0254,39.6,0.00449821,121.154
"1086",500,9.5,0.0254,39.6,0.00449821,123.894
"1087",630,9.5,0.0254,39.6,0.00449821,126.514
"1088",800,9.5,0.0254,39.6,0.00449821,129.014
"1089",1000,9.5,0.0254,39.6,0.00449821,130.374
"1090",1250,9.5,0.0254,39.6,0.00449821,130.964
"1091",1600,9.5,0.0254,39.6,0.00449821,131.184
"1092",2000,9.5,0.0254,39.6,0.00449821,131.274
"1093",2500,9.5,0.0254,39.6,0.00449821,131.234
"1094",3150,9.5,0.0254,39.6,0.00449821,129.934
"1095",4000,9.5,0.0254,39.6,0.00449821,127.864
"1096",5000,9.5,0.0254,39.6,0.00449821,125.044
"1097",6300,9.5,0.0254,39.6,0.00449821,120.324
"1098",200,9.5,0.0254,31.7,0.00461377,119.146
"1099",250,9.5,0.0254,31.7,0.00461377,120.136
"1100",315,9.5,0.0254,31.7,0.00461377,122.766
"1101",400,9.5,0.0254,31.7,0.00461377,124.756
"1102",500,9.5,0.0254,31.7,0.00461377,126.886
"1103",630,9.5,0.0254,31.7,0.00461377,129.006
"1104",800,9.5,0.0254,31.7,0.00461377,130.746
"1105",1000,9.5,0.0254,31.7,0.00461377,131.346
"1106",1250,9.5,0.0254,31.7,0.00461377,131.446
"1107",1600,9.5,0.0254,31.7,0.00461377,131.036
"1108",2000,9.5,0.0254,31.7,0.00461377,130.496
"1109",2500,9.5,0.0254,31.7,0.00461377,130.086
"1110",3150,9.5,0.0254,31.7,0.00461377,128.536
"1111",4000,9.5,0.0254,31.7,0.00461377,126.736
"1112",5000,9.5,0.0254,31.7,0.00461377,124.426
"1113",6300,9.5,0.0254,31.7,0.00461377,120.726
"1114",250,12.7,0.0254,71.3,0.0121808,119.698
"1115",315,12.7,0.0254,71.3,0.0121808,122.938
"1116",400,12.7,0.0254,71.3,0.0121808,125.048
"1117",500,12.7,0.0254,71.3,0.0121808,126.898
"1118",630,12.7,0.0254,71.3,0.0121808,128.878
"1119",800,12.7,0.0254,71.3,0.0121808,130.348
"1120",1000,12.7,0.0254,71.3,0.0121808,131.698
"1121",1250,12.7,0.0254,71.3,0.0121808,133.048
"1122",1600,12.7,0.0254,71.3,0.0121808,134.528
"1123",2000,12.7,0.0254,71.3,0.0121808,134.228
"1124",2500,12.7,0.0254,71.3,0.0121808,134.058
"1125",3150,12.7,0.0254,71.3,0.0121808,133.758
"1126",4000,12.7,0.0254,71.3,0.0121808,131.808
"1127",5000,12.7,0.0254,71.3,0.0121808,128.978
"1128",6300,12.7,0.0254,71.3,0.0121808,125.398
"1129",8000,12.7,0.0254,71.3,0.0121808,120.538
"1130",10000,12.7,0.0254,71.3,0.0121808,114.418
"1131",250,12.7,0.0254,39.6,0.0130253,121.547
"1132",315,12.7,0.0254,39.6,0.0130253,123.537
"1133",400,12.7,0.0254,39.6,0.0130253,125.527
"1134",500,12.7,0.0254,39.6,0.0130253,127.127
"1135",630,12.7,0.0254,39.6,0.0130253,128.867
"1136",800,12.7,0.0254,39.6,0.0130253,130.217
"1137",1000,12.7,0.0254,39.6,0.0130253,130.947
"1138",1250,12.7,0.0254,39.6,0.0130253,130.777
"1139",1600,12.7,0.0254,39.6,0.0130253,129.977
"1140",2000,12.7,0.0254,39.6,0.0130253,129.567
"1141",2500,12.7,0.0254,39.6,0.0130253,129.027
"1142",3150,12.7,0.0254,39.6,0.0130253,127.847
"1143",4000,12.7,0.0254,39.6,0.0130253,126.537
"1144",5000,12.7,0.0254,39.6,0.0130253,125.107
"1145",6300,12.7,0.0254,39.6,0.0130253,123.177
"1146",8000,12.7,0.0254,39.6,0.0130253,120.607
"1147",10000,12.7,0.0254,39.6,0.0130253,116.017
"1148",200,17.4,0.0254,71.3,0.016104,112.506
"1149",250,17.4,0.0254,71.3,0.016104,113.796
"1150",315,17.4,0.0254,71.3,0.016104,115.846
"1151",400,17.4,0.0254,71.3,0.016104,117.396
"1152",500,17.4,0.0254,71.3,0.016104,119.806
"1153",630,17.4,0.0254,71.3,0.016104,122.606
"1154",800,17.4,0.0254,71.3,0.016104,124.276
"1155",1000,17.4,0.0254,71.3,0.016104,125.816
"1156",1250,17.4,0.0254,71.3,0.016104,126.356
"1157",1600,17.4,0.0254,71.3,0.016104,126.406
"1158",2000,17.4,0.0254,71.3,0.016104,126.826
"1159",2500,17.4,0.0254,71.3,0.016104,126.746
"1160",3150,17.4,0.0254,71.3,0.016104,126.536
"1161",4000,17.4,0.0254,71.3,0.016104,125.586
"1162",5000,17.4,0.0254,71.3,0.016104,123.126
"1163",6300,17.4,0.0254,71.3,0.016104,119.916
"1164",8000,17.4,0.0254,71.3,0.016104,115.466
"1165",200,17.4,0.0254,55.5,0.0165706,109.951
"1166",250,17.4,0.0254,55.5,0.0165706,110.491
"1167",315,17.4,0.0254,55.5,0.0165706,111.911
"1168",400,17.4,0.0254,55.5,0.0165706,115.461
"1169",500,17.4,0.0254,55.5,0.0165706,119.621
"1170",630,17.4,0.0254,55.5,0.0165706,122.411
"1171",800,17.4,0.0254,55.5,0.0165706,123.091
"1172",1000,17.4,0.0254,55.5,0.0165706,126.001
"1173",1250,17.4,0.0254,55.5,0.0165706,129.301
"1174",1600,17.4,0.0254,55.5,0.0165706,126.471
"1175",2000,17.4,0.0254,55.5,0.0165706,125.261
"1176",2500,17.4,0.0254,55.5,0.0165706,124.931
"1177",3150,17.4,0.0254,55.5,0.0165706,124.101
"1178",4000,17.4,0.0254,55.5,0.0165706,121.771
"1179",5000,17.4,0.0254,55.5,0.0165706,118.941
"1180",6300,17.4,0.0254,55.5,0.0165706,114.861
"1181",200,17.4,0.0254,39.6,0.0172206,114.044
"1182",250,17.4,0.0254,39.6,0.0172206,114.714
"1183",315,17.4,0.0254,39.6,0.0172206,115.144
"1184",400,17.4,0.0254,39.6,0.0172206,115.444
"1185",500,17.4,0.0254,39.6,0.0172206,117.514
"1186",630,17.4,0.0254,39.6,0.0172206,124.514
"1187",800,17.4,0.0254,39.6,0.0172206,135.324
"1188",1000,17.4,0.0254,39.6,0.0172206,138.274
"1189",1250,17.4,0.0254,39.6,0.0172206,131.364
"1190",1600,17.4,0.0254,39.6,0.0172206,127.614
"1191",2000,17.4,0.0254,39.6,0.0172206,126.644
"1192",2500,17.4,0.0254,39.6,0.0172206,124.154
"1193",3150,17.4,0.0254,39.6,0.0172206,123.564
"1194",4000,17.4,0.0254,39.6,0.0172206,122.724
"1195",5000,17.4,0.0254,39.6,0.0172206,119.854
"1196",200,17.4,0.0254,31.7,0.0176631,116.146
"1197",250,17.4,0.0254,31.7,0.0176631,116.956
"1198",315,17.4,0.0254,31.7,0.0176631,118.416
"1199",400,17.4,0.0254,31.7,0.0176631,120.766
"1200",500,17.4,0.0254,31.7,0.0176631,127.676
"1201",630,17.4,0.0254,31.7,0.0176631,136.886
"1202",800,17.4,0.0254,31.7,0.0176631,139.226
"1203",1000,17.4,0.0254,31.7,0.0176631,131.796
"1204",1250,17.4,0.0254,31.7,0.0176631,128.306
"1205",1600,17.4,0.0254,31.7,0.0176631,126.846
"1206",2000,17.4,0.0254,31.7,0.0176631,124.356
"1207",2500,17.4,0.0254,31.7,0.0176631,124.166
"1208",3150,17.4,0.0254,31.7,0.0176631,123.466
"1209",4000,17.4,0.0254,31.7,0.0176631,121.996
"1210",5000,17.4,0.0254,31.7,0.0176631,117.996
"1211",315,22.2,0.0254,71.3,0.0214178,115.857
"1212",400,22.2,0.0254,71.3,0.0214178,117.927
"1213",500,22.2,0.0254,71.3,0.0214178,117.967
"1214",630,22.2,0.0254,71.3,0.0214178,120.657
"1215",800,22.2,0.0254,71.3,0.0214178,123.227
"1216",1000,22.2,0.0254,71.3,0.0214178,134.247
"1217",1250,22.2,0.0254,71.3,0.0214178,140.987
"1218",1600,22.2,0.0254,71.3,0.0214178,131.817
"1219",2000,22.2,0.0254,71.3,0.0214178,127.197
"1220",2500,22.2,0.0254,71.3,0.0214178,126.097
"1221",3150,22.2,0.0254,71.3,0.0214178,124.127
"1222",4000,22.2,0.0254,71.3,0.0214178,123.917
"1223",5000,22.2,0.0254,71.3,0.0214178,125.727
"1224",6300,22.2,0.0254,71.3,0.0214178,123.127
"1225",8000,22.2,0.0254,71.3,0.0214178,121.657
"1226",200,22.2,0.0254,39.6,0.0229028,116.066
"1227",250,22.2,0.0254,39.6,0.0229028,117.386
"1228",315,22.2,0.0254,39.6,0.0229028,120.716
"1229",400,22.2,0.0254,39.6,0.0229028,123.416
"1230",500,22.2,0.0254,39.6,0.0229028,129.776
"1231",630,22.2,0.0254,39.6,0.0229028,137.026
"1232",800,22.2,0.0254,39.6,0.0229028,137.076
"1233",1000,22.2,0.0254,39.6,0.0229028,128.416
"1234",1250,22.2,0.0254,39.6,0.0229028,126.446
"1235",1600,22.2,0.0254,39.6,0.0229028,122.216
"1236",2000,22.2,0.0254,39.6,0.0229028,121.256
"1237",2500,22.2,0.0254,39.6,0.0229028,121.306
"1238",3150,22.2,0.0254,39.6,0.0229028,120.856
"1239",4000,22.2,0.0254,39.6,0.0229028,119.646
"1240",5000,22.2,0.0254,39.6,0.0229028,118.816
"1241",630,0,0.1016,71.3,0.00121072,124.155
"1242",800,0,0.1016,71.3,0.00121072,126.805
"1243",1000,0,0.1016,71.3,0.00121072,128.825
"1244",1250,0,0.1016,71.3,0.00121072,130.335
"1245",1600,0,0.1016,71.3,0.00121072,131.725
"1246",2000,0,0.1016,71.3,0.00121072,132.095
"1247",2500,0,0.1016,71.3,0.00121072,132.595
"1248",3150,0,0.1016,71.3,0.00121072,131.955
"1249",4000,0,0.1016,71.3,0.00121072,130.935
"1250",5000,0,0.1016,71.3,0.00121072,130.795
"1251",6300,0,0.1016,71.3,0.00121072,129.395
"1252",8000,0,0.1016,71.3,0.00121072,125.465
"1253",10000,0,0.1016,71.3,0.00121072,123.305
"1254",12500,0,0.1016,71.3,0.00121072,119.375
"1255",630,0,0.1016,55.5,0.00131983,126.17
"1256",800,0,0.1016,55.5,0.00131983,127.92
"1257",1000,0,0.1016,55.5,0.00131983,129.8
"1258",1250,0,0.1016,55.5,0.00131983,131.43
"1259",1600,0,0.1016,55.5,0.00131983,132.05
"1260",2000,0,0.1016,55.5,0.00131983,132.54
"1261",2500,0,0.1016,55.5,0.00131983,133.04
"1262",3150,0,0.1016,55.5,0.00131983,131.78
"1263",4000,0,0.1016,55.5,0.00131983,129.5
"1264",5000,0,0.1016,55.5,0.00131983,128.36
"1265",6300,0,0.1016,55.5,0.00131983,127.73
"1266",8000,0,0.1016,55.5,0.00131983,124.45
"1267",10000,0,0.1016,55.5,0.00131983,121.93
"1268",12500,0,0.1016,55.5,0.00131983,119.91
"1269",630,0,0.1016,39.6,0.00146332,125.401
"1270",800,0,0.1016,39.6,0.00146332,128.401
"1271",1000,0,0.1016,39.6,0.00146332,130.781
"1272",1250,0,0.1016,39.6,0.00146332,132.271
"1273",1600,0,0.1016,39.6,0.00146332,133.261
"1274",2000,0,0.1016,39.6,0.00146332,133.251
"1275",2500,0,0.1016,39.6,0.00146332,132.611
"1276",3150,0,0.1016,39.6,0.00146332,130.961
"1277",4000,0,0.1016,39.6,0.00146332,127.801
"1278",5000,0,0.1016,39.6,0.00146332,126.021
"1279",6300,0,0.1016,39.6,0.00146332,125.631
"1280",8000,0,0.1016,39.6,0.00146332,122.341
"1281",10000,0,0.1016,39.6,0.00146332,119.561
"1282",630,0,0.1016,31.7,0.00150092,126.413
"1283",800,0,0.1016,31.7,0.00150092,129.053
"1284",1000,0,0.1016,31.7,0.00150092,131.313
"1285",1250,0,0.1016,31.7,0.00150092,133.063
"1286",1600,0,0.1016,31.7,0.00150092,133.553
"1287",2000,0,0.1016,31.7,0.00150092,133.153
"1288",2500,0,0.1016,31.7,0.00150092,132.003
"1289",3150,0,0.1016,31.7,0.00150092,129.973
"1290",4000,0,0.1016,31.7,0.00150092,126.933
"1291",5000,0,0.1016,31.7,0.00150092,124.393
"1292",6300,0,0.1016,31.7,0.00150092,124.253
"1293",8000,0,0.1016,31.7,0.00150092,120.193
"1294",10000,0,0.1016,31.7,0.00150092,115.893
"1295",800,3.3,0.1016,71.3,0.00202822,131.074
"1296",1000,3.3,0.1016,71.3,0.00202822,131.434
"1297",1250,3.3,0.1016,71.3,0.00202822,132.304
"1298",1600,3.3,0.1016,71.3,0.00202822,133.664
"1299",2000,3.3,0.1016,71.3,0.00202822,134.034
"1300",2500,3.3,0.1016,71.3,0.00202822,133.894
"1301",3150,3.3,0.1016,71.3,0.00202822,132.114
"1302",4000,3.3,0.1016,71.3,0.00202822,128.704
"1303",5000,3.3,0.1016,71.3,0.00202822,127.054
"1304",6300,3.3,0.1016,71.3,0.00202822,124.904
"1305",8000,3.3,0.1016,71.3,0.00202822,121.234
"1306",10000,3.3,0.1016,71.3,0.00202822,116.694
"1307",630,3.3,0.1016,55.5,0.002211,126.599
"1308",800,3.3,0.1016,55.5,0.002211,129.119
"1309",1000,3.3,0.1016,55.5,0.002211,131.129
"1310",1250,3.3,0.1016,55.5,0.002211,132.769
"1311",1600,3.3,0.1016,55.5,0.002211,133.649
"1312",2000,3.3,0.1016,55.5,0.002211,133.649
"1313",2500,3.3,0.1016,55.5,0.002211,132.889
"1314",3150,3.3,0.1016,55.5,0.002211,130.629
"1315",4000,3.3,0.1016,55.5,0.002211,127.229
"1316",5000,3.3,0.1016,55.5,0.002211,124.839
"1317",6300,3.3,0.1016,55.5,0.002211,123.839
"1318",8000,3.3,0.1016,55.5,0.002211,120.569
"1319",10000,3.3,0.1016,55.5,0.002211,115.659
"1320",630,3.3,0.1016,39.6,0.00245138,127.251
"1321",800,3.3,0.1016,39.6,0.00245138,129.991
"1322",1000,3.3,0.1016,39.6,0.00245138,131.971
"1323",1250,3.3,0.1016,39.6,0.00245138,133.211
"1324",1600,3.3,0.1016,39.6,0.00245138,133.071
"1325",2000,3.3,0.1016,39.6,0.00245138,132.301
"1326",2500,3.3,0.1016,39.6,0.00245138,130.791
"1327",3150,3.3,0.1016,39.6,0.00245138,128.401
"1328",4000,3.3,0.1016,39.6,0.00245138,124.881
"1329",5000,3.3,0.1016,39.6,0.00245138,122.371
"1330",6300,3.3,0.1016,39.6,0.00245138,120.851
"1331",8000,3.3,0.1016,39.6,0.00245138,118.091
"1332",10000,3.3,0.1016,39.6,0.00245138,115.321
"1333",630,3.3,0.1016,31.7,0.00251435,128.952
"1334",800,3.3,0.1016,31.7,0.00251435,131.362
"1335",1000,3.3,0.1016,31.7,0.00251435,133.012
"1336",1250,3.3,0.1016,31.7,0.00251435,134.022
"1337",1600,3.3,0.1016,31.7,0.00251435,133.402
"1338",2000,3.3,0.1016,31.7,0.00251435,131.642
"1339",2500,3.3,0.1016,31.7,0.00251435,130.392
"1340",3150,3.3,0.1016,31.7,0.00251435,128.252
"1341",4000,3.3,0.1016,31.7,0.00251435,124.852
"1342",5000,3.3,0.1016,31.7,0.00251435,122.082
"1343",6300,3.3,0.1016,31.7,0.00251435,120.702
"1344",8000,3.3,0.1016,31.7,0.00251435,117.432
"1345",630,6.7,0.1016,71.3,0.00478288,131.448
"1346",800,6.7,0.1016,71.3,0.00478288,134.478
"1347",1000,6.7,0.1016,71.3,0.00478288,136.758
"1348",1250,6.7,0.1016,71.3,0.00478288,137.658
"1349",1600,6.7,0.1016,71.3,0.00478288,136.678
"1350",2000,6.7,0.1016,71.3,0.00478288,134.568
"1351",2500,6.7,0.1016,71.3,0.00478288,131.458
"1352",3150,6.7,0.1016,71.3,0.00478288,124.458
"1353",500,6.7,0.1016,55.5,0.0052139,129.343
"1354",630,6.7,0.1016,55.5,0.0052139,133.023
"1355",800,6.7,0.1016,55.5,0.0052139,135.953
"1356",1000,6.7,0.1016,55.5,0.0052139,137.233
"1357",1250,6.7,0.1016,55.5,0.0052139,136.883
"1358",1600,6.7,0.1016,55.5,0.0052139,133.653
"1359",2000,6.7,0.1016,55.5,0.0052139,129.653
"1360",2500,6.7,0.1016,55.5,0.0052139,124.273
"1361",400,6.7,0.1016,39.6,0.00578076,128.295
"1362",500,6.7,0.1016,39.6,0.00578076,130.955
"1363",630,6.7,0.1016,39.6,0.00578076,133.355
"1364",800,6.7,0.1016,39.6,0.00578076,134.625
"1365",1000,6.7,0.1016,39.6,0.00578076,134.515
"1366",1250,6.7,0.1016,39.6,0.00578076,132.395
"1367",1600,6.7,0.1016,39.6,0.00578076,127.375
"1368",2000,6.7,0.1016,39.6,0.00578076,122.235
"1369",315,6.7,0.1016,31.7,0.00592927,126.266
"1370",400,6.7,0.1016,31.7,0.00592927,128.296
"1371",500,6.7,0.1016,31.7,0.00592927,130.206
"1372",630,6.7,0.1016,31.7,0.00592927,132.116
"1373",800,6.7,0.1016,31.7,0.00592927,132.886
"1374",1000,6.7,0.1016,31.7,0.00592927,131.636
"1375",1250,6.7,0.1016,31.7,0.00592927,129.256
"1376",1600,6.7,0.1016,31.7,0.00592927,124.346
"1377",2000,6.7,0.1016,31.7,0.00592927,120.446
"1378",200,8.9,0.1016,71.3,0.0103088,133.503
"1379",250,8.9,0.1016,71.3,0.0103088,134.533
"1380",315,8.9,0.1016,71.3,0.0103088,136.583
"1381",400,8.9,0.1016,71.3,0.0103088,138.123
"1382",500,8.9,0.1016,71.3,0.0103088,138.523
"1383",630,8.9,0.1016,71.3,0.0103088,138.423
"1384",800,8.9,0.1016,71.3,0.0103088,137.813
"1385",1000,8.9,0.1016,71.3,0.0103088,135.433
"1386",1250,8.9,0.1016,71.3,0.0103088,132.793
"1387",1600,8.9,0.1016,71.3,0.0103088,128.763
"1388",2000,8.9,0.1016,71.3,0.0103088,124.233
"1389",2500,8.9,0.1016,71.3,0.0103088,123.623
"1390",3150,8.9,0.1016,71.3,0.0103088,123.263
"1391",4000,8.9,0.1016,71.3,0.0103088,120.243
"1392",5000,8.9,0.1016,71.3,0.0103088,116.723
"1393",6300,8.9,0.1016,71.3,0.0103088,117.253
"1394",200,8.9,0.1016,39.6,0.0124596,133.42
"1395",250,8.9,0.1016,39.6,0.0124596,134.34
"1396",315,8.9,0.1016,39.6,0.0124596,135.38
"1397",400,8.9,0.1016,39.6,0.0124596,135.54
"1398",500,8.9,0.1016,39.6,0.0124596,133.79
"1399",630,8.9,0.1016,39.6,0.0124596,131.92
"1400",800,8.9,0.1016,39.6,0.0124596,130.94
"1401",1000,8.9,0.1016,39.6,0.0124596,129.58
"1402",1250,8.9,0.1016,39.6,0.0124596,127.71
"1403",1600,8.9,0.1016,39.6,0.0124596,123.82
"1404",2000,8.9,0.1016,39.6,0.0124596,119.04
"1405",2500,8.9,0.1016,39.6,0.0124596,119.19
"1406",3150,8.9,0.1016,39.6,0.0124596,119.35
"1407",4000,8.9,0.1016,39.6,0.0124596,116.22
"1408",5000,8.9,0.1016,39.6,0.0124596,113.08
"1409",6300,8.9,0.1016,39.6,0.0124596,113.11
"1410",200,12.3,0.1016,71.3,0.0337792,130.588
"1411",250,12.3,0.1016,71.3,0.0337792,131.568
"1412",315,12.3,0.1016,71.3,0.0337792,137.068
"1413",400,12.3,0.1016,71.3,0.0337792,139.428
"1414",500,12.3,0.1016,71.3,0.0337792,140.158
"1415",630,12.3,0.1016,71.3,0.0337792,135.368
"1416",800,12.3,0.1016,71.3,0.0337792,127.318
"1417",1000,12.3,0.1016,71.3,0.0337792,127.928
"1418",1250,12.3,0.1016,71.3,0.0337792,126.648
"1419",1600,12.3,0.1016,71.3,0.0337792,124.748
"1420",2000,12.3,0.1016,71.3,0.0337792,122.218
"1421",2500,12.3,0.1016,71.3,0.0337792,121.318
"1422",3150,12.3,0.1016,71.3,0.0337792,120.798
"1423",4000,12.3,0.1016,71.3,0.0337792,118.018
"1424",5000,12.3,0.1016,71.3,0.0337792,116.108
"1425",6300,12.3,0.1016,71.3,0.0337792,113.958
"1426",200,12.3,0.1016,55.5,0.0368233,132.304
"1427",250,12.3,0.1016,55.5,0.0368233,133.294
"1428",315,12.3,0.1016,55.5,0.0368233,135.674
"1429",400,12.3,0.1016,55.5,0.0368233,136.414
"1430",500,12.3,0.1016,55.5,0.0368233,133.774
"1431",630,12.3,0.1016,55.5,0.0368233,124.244
"1432",800,12.3,0.1016,55.5,0.0368233,125.114
"1433",1000,12.3,0.1016,55.5,0.0368233,125.484
"1434",1250,12.3,0.1016,55.5,0.0368233,124.214
"1435",1600,12.3,0.1016,55.5,0.0368233,121.824
"1436",2000,12.3,0.1016,55.5,0.0368233,118.564
"1437",2500,12.3,0.1016,55.5,0.0368233,117.054
"1438",3150,12.3,0.1016,55.5,0.0368233,116.914
"1439",4000,12.3,0.1016,55.5,0.0368233,114.404
"1440",5000,12.3,0.1016,55.5,0.0368233,112.014
"1441",6300,12.3,0.1016,55.5,0.0368233,110.124
"1442",200,12.3,0.1016,39.6,0.0408268,128.545
"1443",250,12.3,0.1016,39.6,0.0408268,129.675
"1444",315,12.3,0.1016,39.6,0.0408268,129.415
"1445",400,12.3,0.1016,39.6,0.0408268,128.265
"1446",500,12.3,0.1016,39.6,0.0408268,122.205
"1447",630,12.3,0.1016,39.6,0.0408268,121.315
"1448",800,12.3,0.1016,39.6,0.0408268,122.315
"1449",1000,12.3,0.1016,39.6,0.0408268,122.435
"1450",1250,12.3,0.1016,39.6,0.0408268,121.165
"1451",1600,12.3,0.1016,39.6,0.0408268,117.875
"1452",2000,12.3,0.1016,39.6,0.0408268,114.085
"1453",2500,12.3,0.1016,39.6,0.0408268,113.315
"1454",3150,12.3,0.1016,39.6,0.0408268,113.055
"1455",4000,12.3,0.1016,39.6,0.0408268,110.905
"1456",5000,12.3,0.1016,39.6,0.0408268,108.625
"1457",6300,12.3,0.1016,39.6,0.0408268,107.985
"1458",200,12.3,0.1016,31.7,0.0418756,124.987
"1459",250,12.3,0.1016,31.7,0.0418756,125.857
"1460",315,12.3,0.1016,31.7,0.0418756,124.717
"1461",400,12.3,0.1016,31.7,0.0418756,123.207
"1462",500,12.3,0.1016,31.7,0.0418756,118.667
"1463",630,12.3,0.1016,31.7,0.0418756,119.287
"1464",800,12.3,0.1016,31.7,0.0418756,120.037
"1465",1000,12.3,0.1016,31.7,0.0418756,119.777
"1466",1250,12.3,0.1016,31.7,0.0418756,118.767
"1467",1600,12.3,0.1016,31.7,0.0418756,114.477
"1468",2000,12.3,0.1016,31.7,0.0418756,110.447
"1469",2500,12.3,0.1016,31.7,0.0418756,110.317
"1470",3150,12.3,0.1016,31.7,0.0418756,110.307
"1471",4000,12.3,0.1016,31.7,0.0418756,108.407
"1472",5000,12.3,0.1016,31.7,0.0418756,107.147
"1473",6300,12.3,0.1016,31.7,0.0418756,107.267
"1474",200,15.6,0.1016,71.3,0.0437259,130.898
"1475",250,15.6,0.1016,71.3,0.0437259,132.158
"1476",315,15.6,0.1016,71.3,0.0437259,133.808
"1477",400,15.6,0.1016,71.3,0.0437259,134.058
"1478",500,15.6,0.1016,71.3,0.0437259,130.638
"1479",630,15.6,0.1016,71.3,0.0437259,122.288
"1480",800,15.6,0.1016,71.3,0.0437259,124.188
"1481",1000,15.6,0.1016,71.3,0.0437259,124.438
"1482",1250,15.6,0.1016,71.3,0.0437259,123.178
"1483",1600,15.6,0.1016,71.3,0.0437259,121.528
"1484",2000,15.6,0.1016,71.3,0.0437259,119.888
"1485",2500,15.6,0.1016,71.3,0.0437259,118.998
"1486",3150,15.6,0.1016,71.3,0.0437259,116.468
"1487",4000,15.6,0.1016,71.3,0.0437259,113.298
"1488",200,15.6,0.1016,39.6,0.0528487,123.514
"1489",250,15.6,0.1016,39.6,0.0528487,124.644
"1490",315,15.6,0.1016,39.6,0.0528487,122.754
"1491",400,15.6,0.1016,39.6,0.0528487,120.484
"1492",500,15.6,0.1016,39.6,0.0528487,115.304
"1493",630,15.6,0.1016,39.6,0.0528487,118.084
"1494",800,15.6,0.1016,39.6,0.0528487,118.964
"1495",1000,15.6,0.1016,39.6,0.0528487,119.224
"1496",1250,15.6,0.1016,39.6,0.0528487,118.214
"1497",1600,15.6,0.1016,39.6,0.0528487,114.554
"1498",2000,15.6,0.1016,39.6,0.0528487,110.894
"1499",2500,15.6,0.1016,39.6,0.0528487,110.264
"1500",3150,15.6,0.1016,39.6,0.0528487,109.254
"1501",4000,15.6,0.1016,39.6,0.0528487,106.604
"1502",5000,15.6,0.1016,39.6,0.0528487,106.224
"1503",6300,15.6,0.1016,39.6,0.0528487,104.204
